"DESVIOPADRAO";"MEDIATRIMESTRAL";"RAZAOSOCIAL";"UF";"VALORTOTAL"
"3726999458.24";"1433477457.38";"BRADESCO SAÚDE S.A.";"RJ";"417141940096.53"
"1939390239.28";"658533932.68";"SUL AMERICA COMPANHIA DE SEGURO SAÚDE";"RJ";"323340160945.04"
"1619919044.36";"476963244.41";"AMIL ASSISTÊNCIA MÉDICA INTERNACIONAL S.A.";"SP";"261375857937.76"
"807904490.62";"275506822.40";"NOTRE DAME INTERMÉDICA SAÚDE S.A.";"SP";"120120974564.31"
"625770774.89";"156067068.32";"HAPVIDA ASSISTENCIA MEDICA S.A.";"CE";"118767038994.33"
"1087386529.00";"394530829.76";"CAIXA DE ASSISTÊNCIA DOS FUNCIONÁRIOS DO BANCO DO BRASIL";"DF";"91136621674.22"
"496975381.08";"160194172.59";"UNIMED NACIONAL - COOPERATIVA CENTRAL";"SP";"88106794921.80"
"607906888.36";"222728291.82";"PORTO SEGURO - SEGURO SAÚDE S/A";"SP";"68823042171.50"
"327622783.52";"82662131.09";"UNIMED BELO HORIZONTE COOPERATIVA DE TRABALHO MÉDICO";"MG";"65964380612.06"
"824389005.25";"369096328.20";"PREVENT SENIOR PRIVATE OPERADORA DE SAÚDE LTDA";"SP";"62746375793.52"
"559130268.28";"223842243.43";"GEAP AUTOGESTÃO EM SAÚDE";"DF";"61556616944.06"
"454870087.55";"147194095.79";"UNIMED SEGUROS SAÚDE S/A";"SP";"60349579272.82"
"566774266.54";"281949756.64";"UNIMED DO EST. DO RJ FEDERAÇÃO EST. DAS COOPERATIVAS MÉDICAS";"RJ";"57799700111.66"
"276957049.65";"82384628.84";"UNIMED PORTO ALEGRE - COOPERATIVA MÉDICA LTDA.";"RS";"43499084024.92"
"1512212285.73";"164196766.42";"UNIMED DE CIANORTE - COOPERATIVA DE TRABALHO MEDICO ";"PR";"43347946336.17"
"228241801.90";"65647646.10";"UNIMED CURITIBA - SOCIEDADE COOPERATIVA DE MÉDICOS";"PR";"39191644721.66"
"224815356.61";"60891012.91";"UNIMED CAMPINAS - COOPERATIVA DE TRABALHO MÉDICO";"SP";"36595498758.98"
"187332130.76";"56773553.30";"UNIMED DE FORTALEZA SOCIEDADE COOPERATIVA MÉDICA LTDA.";"CE";"29976436140.36"
"240438228.97";"82977194.82";"UNIMED GOIANIA COOPERATIVA DE TRABALHO MÉDICO";"GO";"29705835745.27"
"275967353.30";"96373976.24";"OMINT SERVIÇOS DE SAÚDE S.A.";"SP";"26791965394.89"
"308981026.82";"180232704.58";"FUNDAÇÃO SAÚDE ITAÚ";"MG";"25953509459.63"
"475912862.88";"294292065.00";"CARE PLUS MEDICINA ASSISTENCIAL LTDA.";"SP";"25014825524.74"
"225377709.39";"81261199.46";"GRUPO HOSPITALAR DO RIO DE JANEIRO LTDA";"RJ";"24703404636.06"
"440979543.57";"176555838.13";"SERV  SOCIAL AUTÔNOMO DE ASSIST À SAÚDE DOS SERV PÚBLICOS E MILITARES DE GOIÁS";"GO";"23658482308.82"
"136799985.00";"41703707.35";"UNIMED VITORIA COOPERATIVA DE TRABALHO MEDICO";"ES";"22269779725.22"
"218708075.03";"100909923.55";"FUNDAÇÃO CESP";"SP";"18365606087.00"
"165500205.88";"78614872.43";"UNIMED RECIFE COOPERATIVA DE TRABALHO MÉDICO";"PE";"17766961170.27"
"158429800.80";"58576060.61";"UNIMED BELÉM COOPERATIVA DE TRABALHO MÉDICO";"PA";"17572818181.68"
"193892261.71";"110849634.85";"SAMEDIL SERVIÇOS DE ATENDIMENTO MÉDICO S/A";"ES";"17292543036.43"
"555066184.22";"55369058.62";"UNIMED FRANCISCO BELTRAO COOPERATIVA DE TRABALHO MEDICO";"PR";"16278503233.05"
"204565735.13";"82405790.76";"FUNDAÇÃO ASSISTENCIAL DOS SERVIDORES DO MINISTÉRIO DA FAZENDA";"DF";"16233940779.48"
"86180709.49";"22340500.98";"UNIMED CUIABA COOPERATIVA DE TRABALHO MÉDICO";"MT";"15794734191.02"
"146950185.75";"54818946.09";"UNIMED DO ESTADO DE SÃO PAULO - FEDERAÇÃO ESTADUAL DAS COOP. MÉDICAS";"SP";"15623399634.31"
"105391463.45";"35131187.73";"UNIMED SAO JOSÉ DO RIO PRETO - COOP. DE TRABALHO MÉDICO";"SP";"15422591413.42"
"79057090.49";"23953309.10";"UNIMED GRANDE FLORIANÓPOLIS-COOPERATIVA DE TRABALHO MEDICO";"SC";"15401977754.38"
"96492880.64";"34053494.57";"UNIMED NATAL SOC. COOP. DE TRAB. MÉDICO";"RN";"13314916376.66"
"126105854.14";"44847779.12";"CAIXA BENEFICENTE DOS FUNCIONARIOS DO BANCO DO ESTADO DE SÃO PAULO";"SP";"12781617049.45"
"114157928.76";"46359059.05";"UNIMED SOROCABA COOPERATIVA DE TRABALHO MÉDICO";"SP";"12053355353.56"
"81066077.29";"28510946.76";"UNIMED DE LONDRINA COOPERATIVA DE TRABALHO MÉDICO";"PR";"11946086694.32"
"73590529.76";"23849257.07";"NOTRE DAME INTERMÉDICA MINAS GERAIS SAÚDE S.A.";"CE";"11876930019.44"
"71171892.52";"26117366.22";"UNIMED-SÃO GONÇALO - NITERÓI - SOC.COOP.SERV.MED E HOSP LTDA";"RJ";"11622227968.03"
"80969679.45";"27265443.83";"UNIMED SERRA GAUCHA/RS COOPERATIVA DE ASSISTENCIA A SAUDE LTDA";"RS";"11587813629.74"
"77814917.44";"23037160.33";"UNIMED MACEIO COOPERATIVA DE TRABALHO MÉDICO";"AL";"11564654487.77"
"123642776.18";"44996296.98";"UNIMED JOAO PESSOA - COOPERATIVA DE TRABALHO MÉDICO";"PB";"11429059431.81"
"73665708.97";"23885183.90";"HUMANA SAÚDE NORDESTE LTDA. ";"PI";"11345462350.36"
"594231619.59";"289491839.51";"BRADESCO SAÚDE - OPERADORA DE PLANOS  S/A";"SP";"11290181741.06"
"69772222.89";"25406025.41";"UNIMED CAMPO GRANDE MS COOPERATIVA DE TRABALHO MÉDICO";"MS";"10314846315.54"
"166144350.79";"85214759.67";"CAIXA DE ASSISTENCIA DOS SERVIDORES DO ESTADO DE MATO GROSSO DO SUL";"MS";"10310985920.42"
"291552793.41";"44519682.30";"SUL AMÉRICA PARANÁ CLÍNICAS SERVIÇOS DE SAÚDE S.A.";"SP";"10150487563.62"
"72134626.92";"29830179.83";"UNIMED DE RIBEIRAO PRETO - COOPERATIVA DE TRABALHO MÉDICO";"SP";"9993110243.58"
"66913380.41";"19899568.04";"UNIMED DE SANTOS COOP DE TRAB MEDICO";"SP";"9870185749.23"
"84017123.16";"36849506.67";"SANTA HELENA ASSISTÊNCIA MÉDICA S/A.";"SP";"9728269760.69"
"488585731.63";"109068200.58";"ASSOCIAÇÃO PETROBRAS DE SAÚDE - APS";"RJ";"9707069851.62"
"60605946.65";"19823017.05";"UNIMED REGIONAL MARINGÁ COOP.DE TRABALHO MÉDICO";"PR";"9633986286.14"
"61974694.66";"21944628.13";"UNIMED UBERLÂNDIA COOPERATIVA REGIONAL TRABALHO MÉDICO LTDA";"MG";"8865629766.35"
"60669766.11";"19522306.27";"SAMP ESPIRITO SANTO ASSISTENCIA MEDICA SA";"ES";"8824082433.90"
"56414690.63";"20187208.76";"CLINIPAM CLINICA PARANAENSE DE ASSISTENCIA MEDICA LTDA";"CE";"8720874183.20"
"119195316.28";"64499853.93";"CENTRO TRASMONTANO DE SAO PAULO";"SP";"8707480280.49"
"138479917.38";"67872756.75";"ODONTOPREV S/A";"SP";"8484094594.14"
"47148507.80";"13526035.45";"UNIMED BLUMENAU - COOPERATIVA DE TRABALHO MEDICO";"SC";"8480824228.66"
"47744684.75";"12238226.26";"UNIMED DO ESTADO DO PARANÁ FEDERAÇÃO ESTADUAL DAS COOPERATIVAS MÉDICAS";"PR";"8321993854.91"
"69967456.94";"27253708.09";"FUNDAÇÃO SÃO FRANCISCO XAVIER";"MG";"8121605012.02"
"41816165.60";"11746968.37";"UNIMED DO ESTADO DE SANTA CATARINA FED. EST. DAS COOP. MÉD.";"SC";"7799986995.12"
"85645352.56";"34977320.77";"ASSOCIAÇÃO DE BENEFICÊNCIA E FILANTROPIA SÃO CRISTOVÃO";"SP";"7555101287.36"
"51818840.19";"16984088.07";"UNIMED SAO JOSE DOS CAMPOS - COOPERATIVA DE TRABALHO MEDICO";"SP";"7540935105.08"
"43533236.37";"13022916.95";"UNIMED DIVINOPOLIS - COOPERATIVA DE TRABALHO MEDICO LTDA";"MG";"7488177243.81"
"37558360.12";"9858593.46";"UNIMED DE PIRACICABA SOCIEDADE COOPERATIVA DE SERVIÇOS MÉDICOS";"SP";"7186914633.54"
"50773409.54";"19523489.77";"UNIMED DE JOINVILLE COOPERATIVA DE TRABALHO MÉDICO";"SC";"7008932828.97"
"42108618.83";"13875896.10";"UNIMED - COOPERATIVA DE SERVIÇOS DE SAÚDE DOS VALES DO TAQUARI E RIO PARDO LTDA.";"RS";"6882444466.06"
"96558343.33";"40453083.47";"CEMIG SAÚDE";"MG";"6796118023.39"
"47598898.85";"16640357.71";"UNIMED LITORAL COOPERATIVA DE TRABALHO MÉDICO LTDA";"SC";"6606222010.98"
"31158995.69";"7878426.29";"UNIMED DE BAURU COOPERATIVA DE TRABALHO MÉDICO";"SP";"6460309554.03"
"47739416.46";"15709440.95";"UNIMED SERGIPE - COOPERATIVA DE TRABALHO MÉDICO";"SE";"6456580231.02"
"34618339.85";"10100677.63";"UNIMED JUIZ DE FORA COOPERATIVA DE TRABALHO MÉDICO LTDA";"MG";"6413930293.34"
"71565283.87";"30665975.44";"SINDIFISCO NACIONAL - SINDICATO NACIONAL DOS AUDITORES-FISCAIS DA RECEITA FEDERAL DO BRASIL";"DF";"6378522890.58"
"50198795.67";"17956363.91";"UNIMED TERESINA - COOPERATIVA DE TRABALHO MÉDICO";"PI";"6356552822.74"
"42386056.12";"14064797.72";"UNIMED DE CASCAVEL COOPERATIVA DE TRABALHO MÉDICO";"PR";"6301029376.59"
"79675327.57";"30749279.77";"PASA - PLANO DE ASSISTENCIA A SAUDE DO APOSENTADO DA VALE";"RJ";"5811613877.10"
"189723028.61";"55933237.80";"POSTAL SAÚDE CAIXA DE ASSISTÊNCIA E SAÚDE DOS EMPREGADOS DOS CORREIOS";"DF";"5761123493.62"
"43326486.66";"15912491.21";"UNIMED SÃO CARLOS - COOPERATIVA DE TRABALHO MÉDICO";"SP";"5696671852.01"
"32925566.71";"9804827.29";"UNIMED DE PRESIDENTE PRUDENTE COOPERATIVA DE TRAB. MÉDICO";"SP";"5422069488.61"
"80886308.45";"32174264.78";"ASSOCIAÇÃO SANTA CASA SAÚDE DE SÃO JOSÉ DOS CAMPOS";"SP";"5405276483.07"
"60657880.45";"23036380.43";"CAIXA DE ASSISTÊNCIA DOS FUNCIONÁRIOS DO BANCO DO NORDESTE DO BRASIL";"CE";"5298367499.72"
"85673967.04";"38272555.58";"PLANO HOSPITAL SAMARITANO LTDA";"SP";"5281612670.31"
"34848983.06";"13026684.37";"UNIMED DE MACAÉ COOPERATIVA DE ASSISTÊNCIA À SAÚDE";"RJ";"5171593694.09"
"89287367.91";"43570355.46";"INSTITUTO CURITIBA DE SAÚDE";"PR";"5010590877.65"
"33867505.69";"10663221.13";"UNIMED JUNDIAI - COOPERATIVA DE TRABALHO MÉDICO";"SP";"4979724265.60"
"42260478.10";"14770238.68";"UNIMED NORTE DO MATO GROSSO COOPERATIVA DE TRABALHO MÉDICO";"MT";"4977570435.72"
"32902751.57";"12297792.33";"CENTRO CLÍNICO GAÚCHO LTDA";"CE";"4931414725.28"
"52304869.43";"29580853.97";"ALICE OPERADORA LTDA.";"SP";"4910421758.53"
"38400289.95";"14305847.66";"UNIMED DE VOLTA REDONDA COOPERATIVA DE TRABALHO MÉDICO";"RJ";"4892599901.39"
"39160217.82";"13422570.82";"UNIMED VALE DO SINOS - COOPERATIVA DE ASSISTÊNCIA À SAÚDE LTDA";"RS";"4872393207.57"
"40053236.95";"15425005.42";"UNIMED CARUARU-COOPERATIVA DE TRABALHO MEDICO";"PE";"4781751679.04"
"92309317.54";"22116034.38";"Operadora: 350141";"NAO_LOCALIZADO";"4754947392.02"
"34255106.82";"11334319.95";"UNIMED SUL CAPIXABA COOPERATIVA DE TRABALHO MÉDICO";"ES";"4681074140.37"
"28983068.38";"10230477.42";"HUMANA SAÚDE LTDA.";"PR";"4654867226.14"
"30551179.95";"11414030.45";"UNIMED NOVA FRIBURGO-SOC.COOP.SERV.MED.HOSP.LTDA.";"RJ";"4622682332.36"
"29841501.18";"10297013.95";"UNIMED UBERABA COOPERATIVA DE TRABALHO MEDICO LTDA.";"MG";"4540983153.27"
"28599590.08";"9081485.82";"UNIMED DE SANTA BÁRBARA D'OESTE E AMERICANA - COOP DE TRABALHO MÉDICO";"SP";"4422683594.52"
"41220927.83";"16846076.91";"UNIMED NOVA IGUACU COOPERATIVA DE TRABALHO MEDICO";"RJ";"4363133919.22"
"32909286.85";"11760134.22";"UNIMED VALE DO SÃO FRANCISCO COOPERATIVA DE TRABALHO MÉDICO";"PE";"4292448991.07"
"35366123.82";"14435240.09";"LEVE SAUDE OPERADORA DE PLANOS DE SAUDE S.A";"RJ";"4243960586.83"
"24987327.08";"6399768.83";"UNIMED DE MARILIA COOPERATIVA DE TRABALHO MÉDICO";"SP";"4211047890.58"
"49733329.80";"17144064.89";"SOBAM CENTRO MÉDICO HOSPITALAR S.A.";"SP";"4200295898.98"
"29070734.01";"12127263.16";"UNIMED PONTA GROSSA COOPERATIVA DE TRABALHO MEDICO";"PR";"4183905788.77"
"55620915.54";"22116384.54";"METRUS INSTITUTO DE SEGURIDADE SOCIAL";"SP";"4179996678.81"
"75017060.90";"49680255.00";"ITAUSEG SAÚDE S.A.";"SP";"4173141420.26"
"82504971.00";"42778996.74";"SAMEL PLANO DE SAÚDE LTDA";"AM";"4149562683.71"
"47856839.32";"19163608.03";"QUALLITY PRÓ SAÚDE PLANO DE ASSISTÊNCIA MÉDICA LTDA.";"DF";"4043521294.01"
"31327844.76";"8992603.60";"UNIMED REGIONAL DA BAIXA MOGIANA - COOPERATIVA DE TRABALHO MÉDICO";"SP";"3992715999.06"
"36838893.88";"16017085.54";"UNIMED DE ARARAQUARA - COOP. DE TRAB. MÉDICO";"SP";"3988254298.84"
"44320086.71";"17060620.32";"FUNDAÇÃO COPEL DE PREVIDÊNCIA E ASSISTÊNCIA SOCIAL";"PR";"3975124535.69"
"23348349.92";"6067588.59";"UNIMED FRANCA - SOCIEDADE COOPERATIVA DE SERVIÇOS MÉDICOS E HOSPITALARES";"SP";"3962135351.21"
"34004935.02";"12042281.78";"REAL GRANDEZA - FUNDAÇÃO DE PREVIDÊNCIA E ASSISTÊNCIA SOCIAL";"RJ";"3829445605.51"
"26620770.41";"7648372.91";"COOPERATIVA CENTRAL UNIMED DE COOPERATIVAS DE ASSISTÊNCIA À SAÚDE DO RIO GRANDE DO SUL LTDA.";"RS";"3801241334.45"
"47204748.96";"14797283.16";"DOCTOR CLIN OPERADORA DE PLANOS DE SAÚDE LTDA.";"RS";"3788104487.85"
"20928568.98";"5346474.22";"UNIMED DE CRICIÚMA COOPERATIVA DE TRABALHO MÉDICO DA REGIÃO CARBONÍFERA";"SC";"3705106635.46"
"62350407.16";"25635438.25";"FUNDAÇÃO CHESF DE ASSISTÊNCIA E SEGURIDADE SOCIAL";"PE";"3691503107.96"
"48959991.12";"22361290.15";"H.B. SAÚDE S/A.";"SP";"3689612874.54"
"73213433.90";"34678875.15";"ASSOCIACAO DOS AUDITORES FISCAIS DA RECEITA ESTADUAL DE SAO PAULO";"SP";"3675960765.53"
"61244117.60";"27101623.40";"CAIXA DE PREVIDÊNCIA E ASSISTÊNCIA DOS SERVIDORES DA FUNDAÇÃO NACIONAL DE SAÚDE - CAPESESP";"RJ";"3658719158.91"
"23404756.71";"10418023.39";"UNIMED PORTO VELHO - SOCIEDADE COOPERATIVA MÉDICA LTDA";"RO";"3656726210.20"
"41792209.06";"19843820.84";"UNIMED CAMPINA GRANDE - COOPERATIVA DE TRABALHO MEDICO LTDA";"PB";"3631419214.30"
"45515277.85";"25672803.76";"ASSOCIAÇÃO DE SAÚDE PORTUGUESA DE BENEFICÊNCIA";"SP";"3619865330.33"
"45315829.44";"17864957.37";"ASSOCIAÇÃO SANTA SAÚDE";"SP";"3590856431.91"
"26130170.18";"9310410.24";"UNIMED GOVERNADOR VALADARES COOP. DE TRABALHO MÉDICO LTDA.";"MG";"3556576710.13"
"46314269.03";"18250283.58";"BENSAUDE PLANO DE ASSISTENCIA MEDICA HOSPITALAR LTDA.";"SP";"3540555014.35"
"23748287.43";"7397220.74";"COOPERATIVA DE TRABALHO MÉDICO DE POUSO ALEGRE";"MG";"3535871513.22"
"39861278.24";"17794180.63";"UNIMED DO CEARÁ - FEDERAÇÃO DAS SOCIEDADES COOPERATIVAS MÉDICAS DO ESTADO DO CEARÁ LTDA.";"CE";"3505453584.62"
"60644194.72";"34291786.82";"ALVORECER - ASSOCIAÇÃO DE SOCORROS MÚTUOS";"SP";"3360595108.05"
"20127486.44";"6324204.59";"UNIMED SALTO/ITU - COOPERATIVA MÉDICA";"SP";"3307558999.77"
"23867947.33";"8397736.32";"UNIMED SANTA MARIA/RS - COOPERATIVA DE ASSISTÊNCIA À SAÚDE LTDA";"RS";"3283514901.41"
"46598574.43";"25184244.36";"KLINI PLANOS DE SAÚDE LTDA";"RJ";"3198399033.54"
"59408079.10";"30877750.84";"PROMÉDICA - PROTEÇÃO MEDICA A EMPRESAS S.A.";"BA";"3180408336.65"
"35792338.68";"14210772.52";"CAIXA DE ASSISTÊNCIA DOS EMPREGADOS DO BANCO DO ESTADO DO RIO GRANDE DO SUL";"RS";"3154791499.40"
"36106856.72";"12355279.19";"PLANO DE SAÚDE ANA COSTA LTDA.";"SP";"3150596193.80"
"51001061.84";"33050339.20";"SERVIÇO SOCIAL DA INDÚSTRIA DO PAPEL, PAPELÃO E CORTIÇA DO ESTADO DE SÃO PAULO - SEPACO";"SP";"3139782224.09"
"24043296.56";"10071283.19";"UNIMED CHAPECÓ - COOPERATIVA DE TRABALHO MÉDICO DA REGIÃO OESTE CATARINENSE";"SC";"3041527523.63"
"22121806.33";"7740696.47";"UNIMED PATOS DE MINAS COOPERATIVA TRABALHO MÉDICO LTDA.";"MG";"3026612317.90"
"21871146.47";"8416685.65";"UNIMED DE CAMPOS COOPERATIVA DE TRABALHO MÉDICO";"RJ";"3004756778.70"
"26719096.70";"10835910.77";"CIRCULO OPERARIO CAXIENSE";"RS";"3001547283.65"
"18118986.89";"5542762.63";"UNIMED RONDONOPOLIS COOPERATIVA DE TRABALHO MÉDICO LTDA";"MT";"2965378006.08"
"81852353.37";"42351068.10";"MEDISERVICE OPERADORA DE PLANOS DE SAÚDE S.A.";"SP";"2964574766.89"
"28606932.67";"12490551.79";"CAIXA DE ASSISTÊNCIA À SAÚDE - CABERJ";"RJ";"2947770222.89"
"25496940.01";"9325317.26";"UNIMED ANHANGUERA COOPERATIVA DE TRABALHO MÉDICO";"SP";"2937474937.91"
"59583480.40";"43243503.15";"BIOVIDA SAÚDE LTDA.";"SP";"2897314710.82"
"20478111.37";"7492009.16";"UNIMED DE GUARULHOS COOPERATIVA DE TRABALHO MÉDICO";"SP";"2876931517.56"
"26877969.82";"11388506.50";"AUSTACLINICAS ASSISTÊNCIA MÉDICA E HOSPITALAR LTDA";"SP";"2847126626.11"
"39009661.81";"16268701.31";"2CARE OPERADORA DE SAÚDE LTDA.";"SP";"2781947923.53"
"19823864.65";"7618126.80";"UNIMED DO SUDOESTE COOPERATIVA DE TRABALHO MEDICO LTDA";"BA";"2772998154.59"
"45954009.30";"33683945.10";"ASSOCIAÇÃO ASSISTENCIAL DE SAÚDE SUPLEMENTAR CRUZ AZUL SAÚDE";"SP";"2728399552.72"
"59556285.47";"44870181.47";"INTEGRA ASSISTENCIA MEDICA SA";"SP";"2692210888.05"
"24048901.87";"10454841.28";"NOSSA SAÚDE - OPERADORA PLANOS PRIVADOS DE ASSISTÊNCIA  À SAÚDE LTDA.";"PR";"2686894208.67"
"25411931.77";"10060152.47";"UNIMED DE BOTUCATU COOPERATIVA DE TRABALHO MÉDICO";"SP";"2686060709.09"
"18103655.64";"6613326.22";"UNIMED AMPARO COOPERATIVA DE TRABALHO MÉDICO";"SP";"2685010443.77"
"63105342.20";"44499713.09";"AMPLA PLANOS DE SAUDE LTDA";"RJ";"2669982785.17"
"17063221.77";"4526155.28";"UNIMED LESTE PAULISTA COOPERATIVA DE TRABALHO MÉDICO";"SP";"2656853147.28"
"17771448.83";"6657030.82";"UNIMED VALE DO SEPOTUBA - COOPERATIVA DE TRABALHO MÉDICO";"MT";"2656155298.48"
"18748053.67";"7056017.00";"UNIMED RIO VERDE COOPERATIVA TRABALHO MEDICO";"GO";"2631894342.86"
"21201676.47";"7125875.28";"UNIMED DE LIMEIRA COOPERATIVA DE TRABALHO MÉDICO";"SP";"2622322103.52"
"27850463.73";"11483327.33";"ASSOCIAÇÃO DR. BARTHOLOMEU TACCHINI";"RS";"2618198630.39"
"18843906.58";"6679160.31";"UNIMED CENTRO RONDÔNIA COOPERATIVA DE TRABALHO MÉDICO";"RO";"2611551679.93"
"27182460.45";"11012033.65";"FUNDAÇÃO CELESC DE SEGURIDADE SOCIAL - CELOS";"SC";"2609851976.12"
"16668024.74";"6954283.97";"UNIMED MARANHÃO DO SUL - COOPERATIVA DE TRABALHO MÉDICO";"MA";"2545267931.65"
"19197104.61";"7353912.27";"UNIMED DE BEBEDOURO COOPERATIVA DE TRABALHO MÉDICO";"SP";"2529745822.52"
"25094531.93";"10429713.82";"PLENA SAÚDE S.A.";"SP";"2513561030.64"
"16350505.99";"5754479.05";"UNIMED COSTA OESTE - COOPERATIVA DE TRABALHO MÉDICO";"PR";"2485934951.15"
"32358464.91";"19666867.36";"CAIXA DE ASSISTÊNCIA DOS EMPREGADOS DA EMPRESA BRASILEIRA DE PESQUISA  AGROPECUÁRIA";"DF";"2438691553.21"
"24006223.61";"12673795.07";"UNIMED DE MANAUS COOP. DO TRABALHO MÉDICO LTDA";"AM";"2433368654.26"
"28557816.32";"13280263.62";"PROASA SAÚDE";"DF";"2430288242.55"
"20479516.93";"8928024.94";"UNIMED PELOTAS/RS - COOPERATIVA DE ASSISTÊNCIA À SAÚDE LTDA.";"RS";"2401638708.16"
"17623364.05";"6551386.29";"ASSOCIAÇÃO EVANGELICA BENEFICENTE DE LONDRINA";"PR";"2397807383.17"
"16984419.23";"6880515.89";"UNIMED PETROPOLIS-RJ COOPERATIVA DE TRABALHO MÉDICO";"RJ";"2394419529.34"
"18894494.82";"7787772.73";"ABERTTA SAÚDE - ASSOCIAÇÃO BENEFICENTE DOS EMPREGADOS DA ARCELORMITTAL NO BRASIL";"MG";"2375270682.08"
"26528005.94";"13044900.09";"S.P.A SAUDE- SISTEMA DE PROMOÇÃO ASSISTENCIAL";"SP";"2374171815.76"
"17432979.62";"5549679.23";"LIV LINHAS INTELIGENTES DE ATENÇÃO À VIDA S/A";"SP";"2364163350.62"
"22039397.11";"6828230.71";"SERMED-SAÚDE LTDA.";"SP";"2307941981.28"
"15659963.15";"5425026.92";"UNIMED NOROESTE/RS - SOCIEDADE COOPERATIVA DE ASSISTÊNCIA À SAÚDE LTDA.";"RS";"2289361359.90"
"14295596.89";"5430253.00";"UNIMED DE DOURADOS COOPERATIVA DE TRABALHO MÉDICO LTDA";"MS";"2275276006.55"
"11824413.00";"3539001.56";"UNIMED DE TUBARAO - COOPERATIVA DE TRABALHO MEDICO DA REGIAO DA AMUREL";"SC";"2254343996.89"
"14992025.85";"5090091.29";"UNIMED RIO BRANCO COOPERATIVA DE TRABALHO MEDICO LTDA";"AC";"2249820349.43"
"39658269.17";"19668557.99";"IRMANDADE DA SANTA CASA DE MISERICÓRDIA DE PIRACICABA";"SP";"2242215610.32"
"21258308.34";"11068981.02";"UNIÃO MÉDICA PLANOS DE SAÚDE S/A";"BA";"2224865184.67"
"17243224.31";"7702161.69";"UNIMED NOROESTE CAPIXABA COOPERATIVA DE TRABALHO MÉDICO.";"ES";"2195116082.54"
"34280833.05";"15909279.57";"SÃO LUCAS SAÚDE S/A";"SP";"2179571301.66"
"13717525.74";"4671224.00";"UNIMED DE ARACATUBA - COOPERATIVA DE TRABALHO MÉDICO";"SP";"2172119162.29"
"14549551.36";"4387233.44";"UNIMED PATO BRANCO SOCIEDADE COOPERATIVA DE MÉDICOS";"PR";"2162906086.24"
"30626364.61";"11876389.67";"FUNDAÇÃO SANEPAR DE ASSISTÊNCIA SOCIAL";"PR";"2161502920.36"
"20102377.03";"7820218.49";"ASSOCIAÇÃO DE ASSISTÊNCIA À SAÚDE DOS EMPREGADOS DA COPASA";"MG";"2150560085.76"
"28106442.22";"10985232.34";"LIFE EMPRESARIAL SAÚDE LTDA.";"SP";"2120149841.86"
"15802886.07";"8453688.81";"UNIMED PLANALTO MÉDIO/RS - COOPERATIVA DE ASSISTÊNCIA À SAÚDE LTDA.";"RS";"2088061137.06"
"28750973.76";"13118809.37";"CAIXA DE ASSISTÊNCIA OSWALDO CRUZ";"RJ";"2059653070.97"
"37619073.43";"19976902.31";"SAUDE PAS - MEDICINA E ODONTO";"RS";"2057620938.34"
"12506604.82";"3228886.10";"UNIMED DE RIO CLARO SP COOPERATIVA DE TRABALHO MEDICO";"SP";"2047113788.51"
"13655233.32";"4113821.13";"UNIMED REGIONAL JAU - COOPERATIVA DE TRABALHO MÉDICO";"SP";"2019886176.01"
"31285322.49";"16609488.99";"FUNDAÇÃO AFFEMG DE ASSISTÊNCIA E SAÚDE - FUNDAFFEMG";"MG";"1993138678.54"
"18158586.31";"7995726.23";"SANTA CASA DE MISERICÓRDIA DE JUIZ DE FORA";"MG";"1982940106.24"
"22690058.76";"9607917.89";"PLANO DE SAÚDE DA SANTA CASA DE BRAGANÇA PAULISTA";"SP";"1921583577.29"
"16236810.20";"6828070.41";"UNIMED DE OURINHOS - COOPERATIVA DE TRABALHO MÉDICO";"SP";"1918687783.82"
"11499574.58";"3898447.92";"UNIMED ANÁPOLIS COOPERATIVA DE TRABALHO MÉDICO.";"GO";"1894645688.18"
"17959672.60";"7504468.47";"CABERJ INTEGRAL SAÚDE S.A";"RJ";"1868612648.51"
"20246148.90";"9653516.98";"ECONOMUS INSTITUTO DE SEGURIDADE SOCIAL";"SP";"1863128777.07"
"22347656.70";"10145694.85";"UNIMED DO CARIRI - SOCIEDADE COOPERATIVA MÉDICA LTDA";"CE";"1836370766.97"
"15206017.50";"6369634.93";"UNIMED REGIONAL DE CAMPO MOURÃO COOP TRAB MEDICO ";"PR";"1821715590.83"
"13020122.33";"5840432.72";"UNIMED MONTES CLAROS COOPERATIVA DE  TRABALHO MÉDICO LTDA.";"MG";"1816374576.13"
"24552591.01";"14422849.55";"UNIMED CENTRO OESTE PAULISTA - FEDERAÇÃO INTRAFEDERATIVA DAS COOPERATIVAS MÉDICAS";"SP";"1802856193.84"
"25601558.54";"12693335.72";"MED-TOUR ADMINISTRADORA DE BENEFÍCIOS E EMPREENDIMENTOS LTDA.";"SP";"1802453672.05"
"28703630.75";"22232774.73";"MÚTUA DOS MAGISTRADOS DO ESTADO DO RIO DE JANEIRO";"RJ";"1800854753.32"
"11676289.84";"4363913.61";"UNIMED VARGINHA COOPERATIVA DE TRABALHO MÉDICO";"MG";"1784840666.08"
"20844090.98";"10348855.95";"OPERADORA UNIESTE DE PLANOS DE SAÚDE LTDA";"RJ";"1769654368.11"
"32967145.58";"20308319.14";"UNIHOSP SAÚDE LTDA";"SP";"1766823765.33"
"16410581.94";"8451130.33";"UNIMED TEOFILO OTONI COOPERATIVA DE TRABALHO MÉDICO";"MG";"1766286240.00"
"113085720.02";"40931759.26";"GAMA SAUDE LTDA.";"SP";"1760065648.12"
"11402212.97";"4777364.01";"UNIMED PALMAS COOPERATIVA DE TRABALHO MÉDICO";"TO";"1743737862.72"
"27138829.62";"10479092.38";"POLICLIN SAÚDE S/A.";"SP";"1739529335.68"
"11030434.74";"3778753.47";"UNIMED ARARUAMA COOPERATIVA DE TRABALHO MÉDICO LTDA";"RJ";"1711775321.00"
"14306851.19";"6147678.97";"UNIMED ENCOSTA DA SERRA/RS SOCIEDADE COOPERATIVA DE SERVIÇOS DE SAÚDE LTDA.";"RS";"1709054753.72"
"14031069.50";"5331878.78";"UNIMED COSTA DO DESCOBRIMENTO COOPERATIVA DE TRABALHO MÉDICO";"BA";"1652882422.32"
"12211246.29";"4624614.92";"UNIMED METROPOLITANA DO AGRESTE - COOPERATIVA DE TRABALHO MÉDICO";"AL";"1650987525.38"
"23461635.05";"10208398.72";"CAIXA DE ASSISTENCIA A SAUDE DA UNIVERSIDADE";"MG";"1582301802.32"
"9395703.53";"3088382.51";"UNIMED CONSELHEIRO LAFAIETE COOPERATIVA DE TRABALHO MÉDICO LTDA";"MG";"1571986696.65"
"11693479.68";"4005124.36";"UNIMED NORTE CAPIXABA- COOPERATIVA DE TRABALHO MÉDICO";"ES";"1570008747.19"
"26157211.50";"15512083.78";"ASSOCIAÇÃO ADVENTISTA NORTE BRASILEIRA DE PREVENÇÃO E ASSISTÊNCIA A SAÚDE";"PA";"1566720461.67"
"24027729.16";"12435611.85";"HBC SAÚDE LTDA.";"SP";"1529580257.78"
"20818636.67";"9800318.55";"SIM - CAIXA DE ASSISTÊNCIA À SAÚDE";"SC";"1528849693.78"
"10041742.97";"4177942.53";"UNIMED GUARAPUAVA COOPERATIVA DE TRABALHO MÉDICO";"PR";"1516593137.16"
"10806930.75";"4225014.08";"UNIMED DE CATANDUVA - COOPERATIVA DE TRABALHO MÉDICO";"SP";"1512555040.17"
"27908323.84";"13012175.96";"BENEFICENCIA CAMILIANA DO SUL";"SP";"1509412411.07"
"11755571.58";"4570725.75";"UNIMED VALE DO CAÍ/RS - COOPERATIVA DE ASSISTÊNCIA À SAÚDE LTDA.";"RS";"1508339496.61"
"15117080.50";"6562531.59";"IRMANDADE SANTA CASA DE MISERICÓRDIA DE MARINGÁ";"PR";"1502819733.27"
"15451464.88";"8106165.71";"ASSOCIAÇÃO DA SANTA CASA SAÚDE DE RIBEIRÃO PRETO";"SP";"1499640655.98"
"8612414.72";"2677151.54";"UNIMED DE ASSIS COOPERATIVA DE TRABALHO MÉDICO";"SP";"1477787649.99"
"9136341.66";"3112897.18";"UNIMED BARRA DO GARÇAS - COOPERATIVA DE TRABALHO MÉDICO";"MT";"1459948776.32"
"15248296.30";"6477742.95";"SAÚDE BRB - CAIXA DE ASSISTÊNCIA ";"DF";"1425103447.91"
"9732085.64";"3884309.41";"UNIMED EXTREMO SUL COOPERATIVA DE TRABALHO MÉDICO";"BA";"1410004314.24"
"21627410.04";"8823024.69";"FUNDAÇAO COMPESA DE PREVIDENCIA E ASSISTENCIA - COMPESAPREV";"PE";"1402860925.92"
"8229526.87";"2739454.20";"UNIMED LITORAL SUL/RS - COOPERATIVA DE ASSISTÊNCIA À SAÚDE LTDA.";"RS";"1386163823.82"
"22013185.03";"10039628.96";"ASSOCIAÇÃO SÃO FRANCISCO VIDA";"SP";"1385468796.86"
"24343868.34";"11821341.55";"SELECT OPERADORA DE PLANO DE SAUDE LTDA";"GO";"1383096961.93"
"13635784.52";"5922972.60";"UNIMED DE BARRA MANSA SOC. COOP. SERV.MED.E HOSPIT.";"RJ";"1380052616.17"
"10568413.55";"3951186.54";"UNIMED INCONFIDENTES COOPERATIVA DE TRABALHO MÉDICO LTDA.";"MG";"1378964102.10"
"12206039.95";"5466272.15";"CENTRAL REGIONAL DAS COOPERATIVAS MÉDICAS - UNIMED CERRADO";"GO";"1366568036.84"
"12585290.15";"4218210.33";"UNIMED POÇOS DE CALDAS - SOC. COOP. DE TRAB. E SERVIÇOS MÉDICOS";"MG";"1362481936.54"
"8875758.41";"2923219.10";"UNIMED CURVELO COOPERATIVA DE TRABALHO MÉDICO LTDA.";"MG";"1359296880.82"
"13386317.65";"4819430.87";"LUMINAR SAÚDE - ASSOCIAÇÃO DE ASSISTÊNCIA À SAÚDE";"DF";"1359079505.95"
"12295999.68";"5620605.04";"UNIMED NORDESTE PAULISTA - FED. INTRAFEDERATIVA DAS COOP. MÉDICAS";"SP";"1337703998.47"
"28671307.62";"16803070.58";"CENTRO HOSPITALAR ATIBAIA LTDA.";"SP";"1327442575.74"
"11679217.42";"4906367.76";"UNIMED RESENDE COOPERATIVA DE TRABALHO MÉDICO";"RJ";"1324719294.44"
"10643468.58";"4702718.43";"UNIMED DE PARANAGUÁ COOPERATIVA DE TRABALHO MÉDICO";"PR";"1316761161.03"
"10275074.95";"5075940.92";"UNIMED NORTE FLUMINENSE COOPERATIVA DE TRABALHO MEDICO";"RJ";"1314668697.49"
"21978394.58";"13265955.24";"ASSOCIAÇÃO BENEFICENTE DE ASSISTÊNCIA A SAÚDE DOS JUÍZES DO TRABALHO DA 15ª REGIÃO (ABAS 15)";"SP";"1313329568.53"
"10525163.92";"4194427.84";"UNIMED DE SÃO ROQUE - COOPERATIVA DE TRABALHO MÉDICO";"SP";"1304467058.16"
"13031359.90";"5061561.20";"IRMANDADE DA SANTA CASA DE MISERICÓRDIA DE RIO CLARO";"SP";"1280574983.90"
"10255024.60";"4501523.51";"UNIMED MISSÕES/RS - COOPERATIVA DE ASSISTÊNCIA À SAÚDE LTDA.";"RS";"1260426582.26"
"16973622.70";"7066217.21";"AMESC - ASSOCIAÇÃO MÉDICA ESPÍRITA CRISTÃ";"RJ";"1257786662.59"
"9329698.16";"4182043.37";"UNIMED DE PARANAVAÍ COOPERATIVA DE TRABALHO MÉDICO";"PR";"1254613010.25"
"19619289.54";"10240374.54";"ASSOCIAÇÃO PADRE ALBINO SAÚDE";"SP";"1249325693.71"
"7548308.27";"2968490.49";"UNIMED DE BRUSQUE COOPERATIVA DE TRABALHO MÉDICO";"SC";"1234892043.20"
"15564714.62";"6981275.85";"CAIXA ASSISTENCIAL E BENEFICENTE DOS FUNCIONÁRIOS DA ACARESC";"SC";"1221723274.38"
"19903299.01";"9359141.89";"ASSOCIAÇÃO DOS SERVIDORES FISCAIS DO ESTADO DA BAHIA";"BA";"1207329303.17"
"9645592.17";"4578763.58";"UNIMED REGIONAL SUL GOIAS COOP. DE TRABALHO MÉDICO LTDA";"GO";"1185899766.01"
"23922951.65";"15627500.45";"ASSOCIAÇÃO BENEFICENTE DOS PROFESSORES PÚBLICOS ATIVOS E INATIVOS DO RIO DE JANEIRO - APPAI";"RJ";"1172062533.81"
"7210286.51";"2288004.48";"UNIMED OESTE DO PARANA - COOPERATIVA DE TRABALHO MEDICO";"PR";"1155442264.72"
"12321188.97";"5058777.46";"ELOSAÚDE - ASSOCIAÇÃO DE ASSISTÊNCIA À SAÚDE";"SC";"1153401261.25"
"21765658.12";"12458796.59";"FUNDAÇÃO DE SEGURIDADE SOCIAL DA ARCELORMITTAL BRASIL - FUNSSEST";"ES";"1146209286.57"
"8822852.90";"3308529.16";"UNIMED DE JABOTICABAL COOP. DE TRABALHO MÉDICO";"SP";"1141442561.61"
"10103833.35";"4354571.85";"UNIMED APUCARANA COOPERATIVA DE TRABALHO MÉDICO";"PR";"1140897824.91"
"16662047.76";"7968770.70";"SAÚDE SANTA TEREZA LTDA.";"SP";"1131565439.12"
"13746246.10";"9541617.86";"AMEPLAN ASSISTÊNCIA MÉDICA PLANEJADA LTDA";"SP";"1125910907.08"
"14921799.18";"6839544.96";"ASSOCIAÇAO DOS FUNCIONARIOS PUBLICOS DO ESTADO DO RIO GRANDE DO SUL";"RS";"1114845827.72"
"11696205.14";"4929065.75";"UNIMED VALE DO AÇO COOPERATIVA DE TRABALHO MÉDICO";"MG";"1109039794.47"
"10019221.29";"4525610.69";"ASSOCIAÇÃO SANTA CASA SAÚDE DE ARAÇATUBA";"SP";"1104249008.20"
"21551167.44";"12974711.31";"SANTA CASA DE MAUÁ SAÚDE";"SP";"1102850461.37"
"8563271.29";"3246142.38";"UNIMED JOÃO MONLEVADE COOPERATIVA DE TRABALHO MÉDICO LTDA.";"MG";"1087457696.84"
"21139401.73";"11172131.94";"CAIXA DE ASSISTÊNCIA DOS EMPREGADOS DA SANEAGO";"GO";"1083696797.87"
"15628789.76";"6567300.31";"AGROS - INSTITUTO UFV DE SEGURIDADE SOCIAL";"MG";"1083604550.67"
"24478115.41";"14250837.11";"CAIXA DE ASSISTÊNCIA DOS SERVIDORES FAZENDÁRIOS ESTADUAIS";"CE";"1083063620.05"
"13193059.52";"7077395.73";"CAIXA DE ASSISTÊNCIA À SAÚDE DOS SERVIDORES PÚBLICOS DO ESTADO DO MATO GROSSO DO SUL";"MS";"1075764150.86"
"7493374.33";"2726538.67";"UNIMED PARÁ DE MINAS COOPERATIVA DE TRABALHO MÉDICO LTDA.";"MG";"1074256237.09"
"7712687.41";"2810261.31";"UNIMED SÃO JOÃO DEL REI - COOPERATIVA DE TRABALHO MÉDICO";"MG";"1070709557.59"
"13462932.25";"6123547.36";"OPERADORA UNICENTRAL DE PLANOS DE SAÚDE LTDA.";"SP";"1065497240.70"
"18308030.22";"13814297.80";"UNIMED OESTE DO PARÁ - COOPERATIVA DE TRABALHO MÉDICO";"PA";"1063700930.46"
"20277641.17";"13562265.74";"ASSISTÊNCIA MÉDICA SÃO MIGUEL LTDA";"SP";"1044294461.60"
"8691295.47";"3661693.86";"UNIMED DE CATALÃO COOPERATIVA DE TRABALHO MÉDICO";"GO";"1039921055.86"
"8436671.37";"3538915.39";"UNIMED CENTRO SUL FLUMINENSE COOPERATIVA DE TRABALHO MÉDICO";"RJ";"1036902208.77"
"7783472.45";"2686250.87";"UNIMED DE TATUI - COOPERATIVA DE TRABALHO MÉDICO";"SP";"1036892834.04"
"17603051.68";"9600356.26";"SAMI ASSISTÊNCIA MÉDICA LTDA";"SP";"1036838475.67"
"6785655.72";"2783779.48";"UNIMED ARAXÁ COOPERATIVA DE TRABALHO MÉDICO LTDA.";"MG";"1035565967.23"
"7411836.42";"2732042.58";"UNIMED OS BANDEIRANTES COOPERATIVA DE TRABALHO MÉDICO";"SP";"1032712093.93"
"10142836.65";"5924055.92";"UNIMED ITABIRA COOPERATIVA DE TRABALHO MÉDICO";"MG";"1030785730.84"
"6190117.84";"2148503.26";"UNIMED DE CAÇAPAVA - COOPERATIVA DE TRABALHO MEDICO";"SP";"1029133061.87"
"10057275.68";"3250984.92";"UNIMED ITAJUBA COOPERATIVA DE TRABALHO MEDICO";"MG";"1027311236.18"
"24274621.33";"16214473.02";"Operadora: 000477";"NAO_LOCALIZADO";"1021511800.19"
"16534168.28";"7142808.34";"FUNDAÇÃO DE SAÚDE ITAIGUAPY";"PR";"1021421592.28"
"20774456.97";"14145782.39";"METLIFE PLANOS ODONTOLÓGICOS LTDA.";"SP";"1018496332.06"
"7020086.54";"2534117.70";"UNIMED ERECHIM - COOPERATIVA DE SERVIÇOS DE SAÚDE LTDA.";"RS";"1016181198.34"
"6765516.37";"2210745.77";"UNIMED FRONTEIRA NOROESTE/RS - COOPERATIVA DE ASSISTÊNCIA À SAÚDE LTDA.";"RS";"1005889325.91"
"17402068.33";"9207887.08";"GARANTIA DE SAÚDE LTDA";"SP";"994451804.14"
"13716469.16";"6931512.97";"OESTE SAÚDE ASSISTÊNCIA A SAÚDE SUPLEMENTAR S.A";"SP";"991206354.62"
"9213375.86";"4670592.39";"GOCARE PLANOS DE SAUDE LTDA";"SP";"990165587.31"
"5720124.19";"1906056.98";"UNIMED ALTO VALE - COOPERATIVA DE TRABALHO MÉDICO";"SC";"989243570.78"
"20857560.91";"14938103.17";"NOVA SAÚDE OPERADORA INTEGRADA DE SAÚDE LTDA";"RJ";"985914809.40"
"7456056.49";"3044362.59";"UNIMED DE LENÇOIS PAULISTA - COOPERATIVA DE TRABALHO MÉDICO";"SP";"980284754.54"
"20300960.06";"14852600.37";"UNIMED SAÚDE E ODONTO S.A";"SP";"980271624.21"
"8713370.93";"3614263.17";"UNIMED BARBACENA - COOPERATIVA DE TRABALHO MÉDICO LTDA";"MG";"975851057.23"
"6442056.98";"2517047.49";"UNIMED DE LINS - COOPERATIVA DE TRABALHOS MÉDICOS";"SP";"969063284.54"
"12206890.14";"7271607.33";"CAIXA DE ASSISTÊNCIA DOS EMPREGADOS DO SISTEMA FINANCEIRO BANESTES";"ES";"967123774.45"
"7901948.38";"2976530.94";"UNIMED ARAGUARI COOPERATIVA DE TRABALHO MÉDICO ";"MG";"961419492.62"
"10217502.69";"4797919.51";"VIVACOM PLANOS DE SAÚDE";"GO";"935594304.60"
"7050561.44";"2638888.30";"UNIMED NOROESTE DO PARANÁ COOP DE TRABALHO MÉDICO .";"PR";"934166457.77"
"16044408.77";"12282054.56";"ESMALE ASSISTENCIA INTERNACIONAL DE SAUDE LTDA.";"AL";"921154091.90"
"8290054.02";"3684577.78";"UNIMED CABO FRIO COOPERATIVA TRABALHO MÉDICO LTDA.";"RJ";"917459867.01"
"13316354.02";"7590181.43";"UNIODONTO DE CAMPINAS COOPERATIVA ODONTOLÓGICA";"SP";"910821771.00"
"11791384.90";"6185480.05";"ASSOCIAÇÃO DE ASSISTÊNCIA À SAÚDE DA AMAGIS";"MG";"909265567.72"
"11333338.67";"5892760.37";"IRMANDADE DA SANTA CASA DE MISERICORDIA DE LIMEIRA";"SP";"907485097.11"
"8091554.77";"3167044.97";"PARANA ASSISTENCIA MEDICA LTDA";"PR";"896273727.41"
"9097741.30";"4451453.04";"TEMPO MED PLANO DE SAUDE LTDA";"SC";"894742061.36"
"5653978.88";"1958750.60";"UNIMED EXTREMO OESTE CATARINENSE COOPERATIVA DE TRABALHO MÉDICO";"SC";"893190275.80"
"5020775.98";"1900275.24";"UNIMED MEIO OESTE CATARINENSE COOPERATIVA DE TRABALHO MÉDICO";"SC";"879827434.04"
"14008281.95";"9609936.36";"SISTEMAS E PLANOS DE SAÚDE LTDA.";"SP";"874504208.43"
"11652565.14";"4251436.61";"SULMED - ASSISTÊNCIA MÉDICA LTDA";"RS";"871544505.66"
"15495506.68";"9392075.97";"UNIMED CENTRO PAULISTA - FEDERAÇÃO INTRAFEDERATIVA DAS COOPERATIVAS MÉDICAS";"SP";"864070989.66"
"10247544.38";"4508155.21";"UNIMED MURIAÉ COOPERATIVA DE TRABALHO MEDICO LTDA";"MG";"861057645.01"
"6794876.22";"2644348.27";"UNIMED NORTE PIONEIRO - COOPERATIVA DE TRABALHO MÉDICO";"PR";"859413188.18"
"13884302.09";"7444769.05";"FUNDACAO LEONOR DE BARROS CAMARGO";"SP";"848703671.62"
"8502995.78";"3883618.74";"UNIMED DE GUARATINGUETA-COOPERATIVA DE TRABALHO MÉDICO";"SP";"842745267.59"
"16317122.30";"9362699.68";"PLAMED PLANO DE ASSISTENCIA MEDICA LTDA";"SE";"833280271.79"
"11344182.19";"6447977.12";"CAIXA ASSISTENCIAL UNIVERSITÁRIA DO RIO GRANDE DO NORTE";"RN";"831789048.12"
"5749228.56";"2298952.53";"ASSOCIAÇÃO POLICIAL DE ASSISTÊNCIA À SAÚDE";"SP";"823025006.16"
"6278081.90";"2660743.13";"UNIMED ALTA MOGIANA COOPERATIVA DE TRABALHO MÉDICO";"SP";"822169627.83"
"5663753.81";"1673037.27";"UNIMED LAVRAS COOPERATIVA DE TRABALHO MÉDICO";"MG";"819788261.74"
"6826300.29";"2920919.66";"UNIMED TRÊS RIOS COOPERATIVA DE TRABALHO MÉDICO";"RJ";"814936584.54"
"6070074.17";"2576941.34";"UNIMED VALE DAS ANTAS, RS - COOPERATIVA DE ASSISTÊNCIA À SAÚDE LTDA.";"RS";"814313462.11"
"9738615.04";"4602057.05";"MATÃO CLINICAS & AMHMA SAÚDE LTDA";"SP";"805359983.92"
"12857872.16";"5989728.19";"ASSOCIAÇÃO DE SAÚDE DOS FORNECEDORES DE CANA DE PIRACICABA E REGIÃO";"SP";"802623577.01"
"11520097.42";"6044867.76";"HOSPITAIS E CLÍNICAS DO PIAUÍ S/S LTDA";"PI";"797922544.08"
"11989288.31";"6079634.41";"BEST SENIOR OPERADORA DE SAÚDE LTDA";"ES";"790352473.22"
"6654713.42";"2586788.60";"UNIMED SUL PAULISTA - COOPERATIVA DE TRABALHO MÉDICO";"SP";"788970522.54"
"7472412.83";"3127674.28";"UNIMED DE IBITINGA COOPERATIVA DE TRABALHO MÉDICO";"SP";"788173919.09"
"14306669.18";"7412101.88";"CAIXA DE ASSISTÊNCIA À SAUDE DOS EMPREGADOS DA CODEVASF - CASEC";"DF";"785682798.78"
"7739158.32";"3922388.76";"UNIMED DE SOBRAL SOCIEDADE COOPERATIVA MÉDICA LTDA";"CE";"784477751.68"
"9854594.19";"6995210.15";"ASSOCIAÇÃO DE ASSISTÊNCIA MÉDICO HOSPITALAR DOS MAGISTRADOS DO ESTADO DO PARANÁ";"PR";"776468326.26"
"11741934.58";"6584162.68";"ASSOCIAÇÃO DE SAÚDE DO VALE";"SC";"770347034.04"
"17702892.26";"17202077.66";"ASSOCIAÇÃO MINEIRA DE ASSISTÊNCIA À SAÚDE DOS MEMBROS DO MINISTÉRIO PÚBLICO";"MG";"756891417.07"
"7231216.96";"2888919.29";"UNIMED CAÇADOR COOPERATIVA DE TRABALHO MÉDICO DA REGIÃO DO CONTESTADO";"SC";"754007933.83"
"9608474.84";"4886019.21";"SUL AMÉRICA ODONTOLÓGICO S/A";"SP";"752446959.09"
"7322008.24";"3317460.68";"ASSOCIAÇÃO DO PLANO DE SAÚDE DA SANTA CASA DE MISERICÓRDIA DE ITABUNA - PLANSUL";"BA";"746428652.45"
"7905424.42";"3454253.85";"PRONTOMED PLANOS DE SAÚDE LTDA";"MG";"746118831.18"
"7617143.12";"3531671.28";"Operadora: 349534";"NAO_LOCALIZADO";"745182640.19"
"7105992.41";"3256923.58";"UNIMED COSTA VERDE RJ";"RJ";"742578576.57"
"14661997.02";"7497990.24";"AMHE MED ASSISTENCIA A SAUDE LTDA - EPP";"SP";"742301033.28"
"5493124.89";"1924304.97";"UNIMED ITUIUTABA COOPERATIVA TRABALHO MÉDICO LTDA.";"MG";"735084498.02"
"7659859.35";"3437201.26";"SANTA CASA DE MISERICORDIA DE SAO JOAQUIM DA BARRA";"SP";"732123869.37"
"11020574.39";"6328036.82";"SÃO FRANCISCO ASSISTÊNCIA MÉDICA LTDA";"PE";"727724233.95"
"8853052.35";"5158838.57";"UNIMED NOROESTE FLUMINENSE - COOPERATIVA DE TRABALHO MÉDICO LTDA";"RJ";"722237400.11"
"4760624.91";"1553228.23";"UNIMED ITAÚNA COOPERATIVA DE TRABALHO MÉDICO LTDA.";"MG";"720697898.40"
"13028696.14";"6289433.56";"AMHA SAUDE S/A";"SP";"716995425.65"
"4904563.63";"1694520.84";"UNIMED SÃO LOURENÇO COOPERATIVA DE TRABALHO MÉDICO";"MG";"706615189.64"
"10097656.72";"4010369.05";"FUNDAÇÃO LIBERTAS DE SEGURIDADE SOCIAL";"MG";"705824953.51"
"9051735.46";"3711688.91";"ELETROS SAÚDE - ASSOCIAÇÃO DE ASSISTÊNCIA À SAÚDE";"RJ";"705220892.07"
"9567637.28";"4928652.06";"INSTITUIÇÃO BENEFICENTE CEL MASSOT - IBCM";"RS";"699868592.38"
"9396162.39";"3886820.08";"PLADISA PLANOS DE SAÚDE SA";"SC";"699627614.65"
"5095231.22";"1640342.43";"UNIMED NORTE PAULISTA - COOPERATIVA DE TRABALHO MÉDICO";"SP";"698785874.21"
"12268727.33";"6321874.08";"ASSOCIAÇÃO MAIS SAÚDE SANTA CASA DE SÃO JOÃO DA BOA VISTA";"SP";"695406148.41"
"12317242.62";"5508294.39";"CAIXA DE ASSISTÊNCIA À SAÚDE DO SINDICATO DOS FUNCIONÁRIOS INTEGRANTES DO GRUPO OCUPACIONAL ADMINISTRAÇÃO TRIBUTÁRIA DO ESTADO DE PERNAMBUCO";"PE";"694045092.59"
"4535567.31";"1675170.98";"UNIMED GUAXUPÉ COOPERATIVA DE TRABALHO MEDICO";"MG";"693520787.56"
"8887495.23";"4844412.26";"SAMOC S.A. - SOCIEDADE ASSISTENCIAL MÉDICA E ODONTO CIRÚRGICA";"RJ";"692750953.82"
"5081333.48";"2230354.59";"UNIMED ALTO DA SERRA - SOCIEDADE COOPERATIVA DE SERVIÇO MÉDICO LTDA.";"RS";"691409923.55"
"4421366.61";"1456438.07";"COOPERATIVA DE TRABALHO MÉDICO DO PLANALTO NORTE DE SANTA CATARINA LTDA";"SC";"688895207.95"
"6126827.86";"3076306.30";"UNIMED MARQUES DE VALENÇA COOPERATIVA DE TRABALHO MÉDICO LTDA.";"RJ";"679863692.04"
"6752667.84";"3048788.64";"VITA ASSISTÊNCIA A SAÚDE LTDA.";"MG";"676831077.81"
"9155898.80";"4068998.32";"SÃO DOMINGOS SAÚDE- ASSISTÊNCIA MÉDICA  LTDA";"SP";"663246725.85"
"4591371.30";"1636513.10";"UNIMED DE BIRIGUI - COOPERATIVA DE TRABALHO MÉDICO";"SP";"657878266.47"
"4503638.31";"1412932.36";"UNIMED DE PINDAMONHANGABA - COOPERATIVA TRABALHO MEDICO";"SP";"654187682.43"
"11105895.05";"5449229.81";"AMAZÔNIA PLANOS DE SAÚDE LTDA";"PA";"653907577.28"
"3491027.54";"1107183.66";"COOPERATIVA DE TRABALHO MEDICO REGIÃO DO PLANALTO SERRANO";"SC";"648809623.39"
"8527084.28";"3396629.00";"PLANO DE SAUDE ASES LTDA.";"RJ";"648756139.33"
"11881472.80";"5972577.59";"ASSOCIAÇÃO SÃO LUIZ SAÚDE";"SP";"645038379.66"
"3351899.30";"962880.37";"COOPERATIVA DE TRABALHO MEDICO DE ARAGUAÍNA - UNIMED ARAGUAÍNA";"TO";"641278325.53"
"15127575.20";"10146086.34";"ÚNICA ASSISTENCIA MEDICA LTDA ";"SP";"639203439.70"
"5857753.50";"2790502.02";"UNIMED PATROCÍNIO COOPERATIVA DE TRABALHO MÉDICO LTDA.";"MG";"636234460.01"
"8028760.61";"4159045.11";"IRMANDADE DE MISERICÓRDIA DO HOSPITAL DA SANTA CASA DE MONTE ALTO";"SP";"632174856.04"
"7629251.20";"3634576.79";"CAIXA DE ASSISTÊNCIA DOS FUNCIONÁRIOS DO BANCO DA AMAZÔNIA - CASF";"PA";"628781785.17"
"11100721.76";"6086025.28";"ASSOCIAÇÃO POLICIAL DE ASSISTÊNCIA À SAÚDE DE BAURU";"SP";"626860603.92"
"5489018.23";"2185267.80";"UNIMED VALE DO JAURU COOPERATIVA DE TRABALHO MÉDICO";"MT";"622801322.91"
"7367596.66";"5712679.82";"SAÚDE BRASIL ASSISTÊNCIA MÉDICA LTDA.";"SP";"622682100.22"
"4436716.62";"1748280.41";"UNIMED DE AVARÉ COOPERATIVA DE TRABALHO MÉDICO";"SP";"622387824.77"
"10579144.88";"7964259.88";"DENTAL UNI - COOPERATIVA ODONTOLÓGICA";"PR";"621212270.41"
"4964835.62";"2057011.49";"UNIMED DE TAUBATÉ COOPERATIVA DE TRABALHO MÉDICO";"SP";"619160458.90"
"6918404.68";"2767993.91";"ASSOCIAÇÃO SAÚDE SÃO JOSÉ";"SC";"614494647.04"
"6605431.95";"2886653.38";"UNIMED DE BARRETOS COOPERATIVA DE TRABALHO MÉDICO";"SP";"611970516.27"
"4924213.72";"1910186.75";"UNIMED DE LORENA COOPERATIVA DE TRABALHO MÉDICO";"SP";"603619014.19"
"4105686.56";"1471304.17";"UNIMED ALTO SÃO FRANCISCO COOPERATIVA DE TRABALHO MÉDICO";"MG";"600292101.45"
"9499528.44";"4375718.04";"ANAFE SAUDE";"GO";"595097653.16"
"14955161.07";"11355839.77";"LEADER ASSISTÊNCIA MÉDICA E HOSPITALAR LTDA.";"SP";"590503668.06"
"5210561.30";"1635451.94";"UNIMED REGIONAL DE TRES LAGOAS COOPERATIVA DE TRABALHO MÉDICO";"MS";"585491792.91"
"7118286.92";"4574397.88";"CAIXA DE ASSISTÊNCIA AOS MEMBROS DA DEFENSORIA PÚBLICA DO ESTADO DO RIO DE JANEIRO";"RJ";"576374133.14"
"6957151.86";"2981178.43";"IRMANDADE DA SANTA CASA DE MISERICÓRDIA DE PASSOS";"MG";"575367436.83"
"12262181.89";"7065316.39";"CAIXA DE ASSISTÊNCIA SISTEMA SAÚDE INTEGRAL-SSI SAUDE";"RS";"572290627.39"
"3849282.00";"1595712.97";"UNIMED DE ANDRADINA - COOPERATIVA DE TRABALHO MÉDICO";"SP";"571265241.81"
"4339402.67";"1428422.38";"UNIMED DE CAPIVARI -COOPERATIVA DE TRABALHO MÉDICO";"SP";"569940531.24"
"3452189.54";"1534707.33";"UNIMED NORTE DO PARANÁ COOPERATIVA REGIONAL DE TRABALHO MÉDICO";"PR";"569376418.67"
"8803289.64";"4512678.75";"UNITY SERVIÇOS INTEGRADOS DE SAÚDE LTDA.";"DF";"568597522.27"
"21247401.21";"8793082.39";"FEDERAÇÃO DAS SOCIEDADES COOPERATIVAS DE TRABALHO MÉDICO DO ACRE, AMAPÁ, AMAZONAS, PARÁ, RONDONIA E RORAIMA";"AM";"562757272.71"
"6951153.11";"3828696.35";"ASSOCIAÇÃO FUNDO DE PROTEÇÃO À SAÚDE";"PR";"551332273.99"
"10721875.20";"5679243.53";"IRMANDADE DE MISERICORDIA DE PORTO FERREIRA";"SP";"550886622.78"
"7903859.51";"3366373.55";"GS PLANO GLOBAL DE SAÚDE LTDA";"RJ";"548718888.39"
"13299774.66";"14829606.11";"MAIS SAÚDE PLANO DE SAÚDE LTDA";"GO";"533865820.04"
"29889407.60";"29227590.13";"UNIMED-RIO COOPERATIVA DE TRABALHO MEDICO DO RIO DE JANEIRO";"RJ";"526096622.42"
"3269471.55";"1139608.67";"UNIMED CATAGUASES COOPERATIVA DE TRABALHO MÉDICO LTDA";"MG";"523080378.23"
"12684811.61";"8284989.92";"ASSOCIAÇÃO DOS AUDITORES FISCAIS DO ESTADO DA PARAÍBA - AFRAFEP";"PB";"521954364.73"
"4379812.14";"1610438.25";"UNIMED DE TUPA COOPERATIVA DE TRABALHO MÉDICO";"SP";"521781991.57"
"4281557.10";"2138192.86";"UNIMED VERTENTE DO CAPARAÓ - COOPERATIVA DE TRABALHO MÉDICO LTDA";"MG";"519580864.37"
"6517252.25";"3795199.31";"SANTA CASA DE MISERICÓRDIA DE VOTUPORANGA";"SP";"516147105.54"
"6427506.60";"3757435.65";"CONFERÊNCIA SÃO JOSÉ DO AVAÍ";"RJ";"503496376.65"
"3901108.21";"1386297.04";"UNIMED VIÇOSA - COOPERATIVA DE TRABALHO MÉDICO";"MG";"501839526.83"
"10093504.47";"6496537.21";"ASSOCIAÇÃO DOS FUNCIONÁRIOS DO FISCO DO ESTADO DE GOIÁS";"GO";"500233365.30"
"6640849.62";"2941669.21";"INTERMEDICI PIRACICABA ASSISTENCIA MEDICA LTDA";"SP";"500083765.41"
"6301777.58";"2970913.47";"OPERADORA DE PLANOS PRIVADOS DE SAÚDE - SANTA CASA SAÚDE LTDA";"MS";"496142550.23"
"4395649.93";"1724787.47";"UNIMED DE MINEIROS COOPERATIVA DE TRABALHO MÉDICO ";"GO";"489839640.56"
"3857982.90";"1375098.43";"UNIMED DE UBA COOPERATIVA DE TRABALHO MEDICO";"MG";"486784845.27"
"2952140.91";"1219564.13";"UNIMED GURUPI COOPERATIVA DE TRABALHO MÉDICO";"TO";"486606088.20"
"3191049.36";"1815339.33";"UNIMED SÃO SEBASTIÃO DO PARAÍSO COOPERATIVA DE TRABALHO MÉDICO";"MG";"486510940.90"
"4990147.90";"2325804.23";"UNIMED DE PIRASSUNUNGA COOPERATIVA DE TRABALHO MÉDICO";"SP";"486093083.96"
"4393714.09";"1507441.71";"UNIMED DE MOCOCA COOPERATIVA DE TRAB. MÉDICO";"SP";"485396232.00"
"6170848.75";"2883872.87";"CAIXA DE ASSISTÊNCIA DOS MAGISTRADOS DE PERNAMBUCO";"PE";"484490641.70"
"6547959.42";"3979548.59";"ASSOCIAÇÃO PARANAENSE DE ASSISTÊNCIA À SAUDE DOS MEMBROS DO MINISTERIO PUBLICO DO PARANÁ";"PR";"477545831.22"
"3526766.51";"1499184.23";"UNIMED TRÊS CORAÇÕES COOPERATIVA DE TRABALHO MÉDICO LTDA.";"MG";"473742215.31"
"3986370.51";"1904139.06";"UNIMED VILHENA - COOPERATIVA DE TRABALHO MEDICO LTDA";"RO";"472226486.11"
"3691891.56";"1359990.54";"UNIMED PONTAL DO TRIÂNGULO - COOPERATIVA DE TRABALHO MÉDICO";"MG";"469196736.93"
"4046905.04";"1985085.04";"UNIMED CARATINGA - COOPERATIVA DE TRABALHO MÉDICO LTDA";"MG";"458554644.83"
"12139068.59";"7979014.18";"PLANO ODONTOLÓGICO DENTALVIDAS LTDA.";"SP";"454803808.47"
"3507394.95";"1442295.20";"UNIMED NOROESTE DE MINAS COOPERATIVA DE TRABALHO MEDICO LTDA";"MG";"454322988.78"
"4681663.82";"2177260.03";"FUNDAÇÃO FILANTRÓPICA E BENEFICENTE DE SAÚDE ARNALDO GAVAZZA FILHO";"MG";"444161046.49"
"7542234.36";"5859916.94";"UNIODONTO DE SÃO JOSÉ DOS CAMPOS COOPERATIVA DE TRABALHO ODONTOLÓGICO";"SP";"439493770.53"
"7332564.02";"5718935.93";"TERRAMAR ADMINISTRADORA DE PLANO DE SAUDE LTDA";"BA";"428920194.64"
"4898654.38";"4122114.84";"BIO SAÚDE SERVIÇOS MÉDICOS LTDA";"SP";"428699943.11"
"3769456.93";"1771543.40";"UNIMED PLANALTO CENTRAL/RS - COOPERATIVA DE ASSISTÊNCIA  À SAÚDE LTDA.";"RS";"426941958.49"
"2435697.10";"732103.63";"UNIMED FRUTAL COOPERATIVA DE TRABALHO MEDICO LTDA";"MG";"426816415.46"
"4082726.56";"1668113.90";"UNIMED VALE DO PIQUIRI-COOPERATIVA DE TRABALHO MÉDICO VALE DO PIQUIRI ";"PR";"425369045.63"
"6874604.18";"3093320.19";"AMEP FREGUESIA OPERADORA DE PLANO DE SAUDE LTDA";"RJ";"423784866.45"
"9284250.11";"7702435.82";"BRASILDENTAL OPERADORA DE PLANOS ODONTOLÓGICOS S.A.";"SP";"415931534.18"
"5490308.37";"2509403.54";"POLI SAUDE OPERADORA DE PLANO DE SAUDE LTDA";"PR";"414051584.20"
"3705300.45";"1472798.37";"UNIMED ALFENAS COOPERATIVA DE TRABALHO MEDICO";"MG";"413856341.25"
"5010557.47";"2159874.35";"AMPARA ASSISTÊNCIA MÉDICA PARAÍSO LTDA";"MG";"412536001.39"
"3115290.16";"1091749.63";"UNIMED REGIÃO DA CAMPANHA/RS - COOPERATIVA DE ASSISTÊNCIA À SAÚDE LTDA.";"RS";"405039112.97"
"7473101.86";"5051633.39";"FUNDAÇÃO DE ASSISTÊNCIA À SAÚDE DA ASSOCIAÇÃO DO MINISTÉRIO PÚBLICO DO RIO GRANDE DO SUL";"RS";"394027404.06"
"3620973.77";"1714645.72";"PRONTOCLINICA E HOSPITAIS SAO LUCAS S/A";"MG";"392653870.68"
"4286070.12";"2292842.13";"UNIMED DE SAO JOSÉ DO RIO PARDO-COOP. DE TRAB. MÉDICO";"SP";"392076003.67"
"8161515.39";"7125975.07";"PREVIDENT ASSISTÊNCIA ODONTOLÓGICA S.A";"SP";"384802653.65"
"7084414.95";"4617298.82";"SF SISTEMAS DE SAÚDE LTDA";"SP";"383235801.80"
"3984552.11";"1766716.45";"UNIMED LEOPOLDINA COOPERATIVA DE TRABALHO MÉDICO LTDA";"MG";"381610753.93"
"2589833.81";"839892.95";"UNIMED DE ADAMANTINA-COOPERATIVA DE TRABALHO MÉDICO";"SP";"373752361.10"
"6675773.39";"3715214.69";"ASSOCIAÇÃO PLANO DE SAÚDE SANTA CASA DE VALINHOS";"SP";"371521468.59"
"2440224.67";"878812.24";"UNIMED DE DRACENA - COOPERATIVA DE TRABALHO MÉDICO";"SP";"369979953.51"
"5924118.24";"3031056.41";"SBC SAÚDE LTDA.";"SP";"363726769.65"
"5313842.27";"3868950.74";"ALLIANZ SAÚDE S/A";"SP";"363681369.50"
"6188694.54";"3262028.35";"ASSOCIAÇÃO POLICIAL DE ASSISTÊNCIA À SAÚDE DE RIBEIRÃO PRETO (APAS)";"SP";"362085146.68"
"3273538.97";"1418858.62";"UNIMED SUDOESTE DE MINAS COOPERATIVA DE TRABALHO MÉDICO";"MG";"361808948.35"
"5387816.95";"2824398.94";"PLAMER PLANO MEDICO RESENDE LTDA";"RJ";"358698665.78"
"6497220.14";"4075834.00";"SOCIEDADE BENEFICENTE DEZOITO DE JULHO";"MG";"354597557.70"
"5235434.89";"3890593.68";"CAIXA DE ASSISTÊNCIA DOS EMPREGADOS DO BANEB";"BA";"354044024.67"
"5368644.29";"2590323.75";"ASSOCIACAO DOS PROFESSORES UNIVERSITÁRIOS DA BAHIA";"BA";"344513058.34"
"6527146.08";"4832975.48";"IRMANDADE DA SANTA CASA DE MISERICÓRDIA E MATERNIDADE DONA ZILDA SALVAGNI";"SP";"343141259.02"
"3658929.37";"1620033.51";"UNIMED CALDAS NOVAS - COOPERATIVA DE TRABALHO MEDICO";"GO";"338587002.92"
"3403058.06";"1450683.36";"UNIMED DE MONTE ALTO - COOPERATIVA DE TRABALHO MÉDICO";"SP";"332206489.12"
"6111503.65";"4073073.58";"UNIMED DE REGISTRO COOPERATIVA DE TRABALHO MÉDICO";"SP";"329918959.79"
"4403256.03";"2595167.50";"FILOSANITAS SAUDE LTDA";"SP";"329586272.97"
"7913189.07";"6468130.47";"ASSOCIAÇÃO DOS EMPREGADOS DA COMPANHIA ESTADUAL DE HABITAÇÃO E OBRAS PÚBLICAS - ASSEC";"SE";"323406523.35"
"2550705.39";"890024.96";"UNIMED TRÊS PONTAS - COOPERATIVA DE TRABALHO MÉDICO";"MG";"323079060.53"
"5657672.14";"3693328.68";"UNIODONTO BELÉM - COOPERATIVA DE ASSISTÊNCIA À SAÚDE ODONTOLÓGICA";"PA";"321319595.13"
"5851938.71";"3342882.12";"CAIXA DE ASSISTÊNCIA DOS EMPREGADOS DO BANESE";"SE";"317573801.05"
"3554183.26";"1547817.33";"UNIMED VALE DO CORUMBÁ COOPERATIVA DE TRABALHO MEDICO";"GO";"317302553.24"
"6578130.51";"3912583.14";"ADVANCE PLANOS DE SAÚDE LTDA";"SP";"316919234.25"
"3568980.57";"1906728.94";"UNIMED REGIONAL DE FLORIANO - COOPERATIVA DE TRABALHO MÉDICO";"PI";"316517003.35"
"5989123.36";"4702785.31";"ASSOCIAÇÃO DOS AUDITORES FISCAIS DA RECEITA ESTADUAL DO RIO DE JANEIRO";"RJ";"315086615.99"
"3347574.29";"1983389.73";"UNIX SAÚDE S.A";"BA";"311392186.85"
"3135567.08";"1312804.71";"UNIMED REGIÃO DA FRONTEIRA - RS COOPERATIVA DE ASSISTÊNCIA À SAÚDE LTDA.";"RS";"311134716.42"
"6270537.81";"3492030.74";"TRINO - ALIANCA FILANTRÓPICA DE ASSISTÊNCIA E INTEGRAÇÃO PARA O DESENVOLVIMENTO DA SAUDE";"ES";"310790735.59"
"5788675.66";"3194010.09";"ASSOCIAÇÃO POLICIAL DE ASSISTÊNCIA A SAÚDE DA BAIXADA SANTISTA";"SP";"309818978.70"
"21650814.98";"12868831.96";"FUNDAÇÃO FIAT SAÚDE E BEM ESTAR";"MG";"308851967.07"
"3921312.13";"3063189.80";"ATÍVIA SERVIÇOS DE SAÚDE S/A";"SP";"306318979.75"
"5956798.33";"2747620.64";"FUNDACAO CAPITAL PREVIDENCIA E SAUDE - CAPITAL PREV";"ES";"304985891.08"
"5139336.16";"2336562.69";"SV SAUDE ADMINSTRADORES DE PLANO DE SAUDE LTDA";"RJ";"301416586.67"
"5893717.59";"4856457.85";"ASSOCIAÇÃO VALEPARAIBANA DE ASSISTÊNCIA MÉDICA POLICIAL";"SP";"301100386.98"
"3901995.64";"2062058.20";"ASSOCIAÇÃO SANTA CASA CLÍNICAS DE BIRIGUI";"SP";"301060497.40"
"5139015.26";"2858445.64";"FEDERAÇÃO DAS COOP ODONTOLÓGICAS DO ESTADO DE SANTA CATARINA";"SC";"300136792.21"
"5509142.11";"2714824.33";"ASSOCIAÇÃO POLICIAL DE ASSISTÊNCIA À SAÚDE DE ARAÇATUBA (APAS)";"SP";"293201028.08"
"4208960.95";"2737883.00";"PB ASSISTENCIA MEDICA EU LTDA";"BA";"292953480.95"
"2646911.14";"1031891.67";"UNIMED SUDOESTE PAULISTA COOPERATIVA DE TRABALHO MÉDICO";"SP";"289961559.82"
"15688526.62";"5989682.26";"ASSOCIAÇÃO FCA SAÚDE";"MG";"287504748.41"
"1891459.12";"748220.20";"UNIMED CACERES COOPERATIVA DE TRABALHO MÉDICO ";"MT";"279086134.06"
"5767008.66";"3925880.06";"PESSOAL SAÚDE PLANOS DE ASSISTÊNCIA MÉDICA LTDA";"SP";"278737484.53"
"4346958.95";"1891661.34";"SANTA CASA DE MISERICORDIA HOSPITAL SÃO VICENTE";"SP";"274290894.13"
"4424144.22";"2060531.15";"ASSOCIAÇÃO SAÚDE CONCEIÇÃO";"SC";"271990111.40"
"3065904.20";"1173880.10";"EVANGELICO SAUDE LTDA.";"PR";"269992423.05"
"6239417.52";"4316423.43";"MAIS SAUDE S/A";"ES";"267618252.73"
"4738073.97";"2811880.62";"ASSOCIAÇÃO GOIANA DO MINISTÉRIO PÚBLICO";"GO";"258693017.12"
"3983320.49";"2097488.17";"COOPERATIVA DOS USUÁRIOS DE SERVIÇOS DE SAÚDE LTDA.";"RS";"257991044.77"
"5287415.85";"3643736.19";"AME VVIDA PLANOS DE SAUDE INTEGRADO LTDA.";"RO";"255061533.18"
"4814615.19";"3269535.83";"UNIODONTO DE FORTALEZA COOPERATIVA DE TRABALHO ODONTOLOGICO LTDA";"CE";"248484723.36"
"1850347.06";"789666.72";"UNIMED REGIÃO DA PRODUÇÃO/RS - COOPERATIVA DE ASSISTÊNCIA À SAÚDE LTDA";"RS";"247165682.06"
"2950725.86";"1275742.87";"SOCIEDADE PORTUGUESA DE BENEFICÊNCIA";"RS";"243666887.52"
"3831178.96";"2610111.02";"ASSOCIAÇÃO DOS SERVIDORES MUNICIPAIS, ESTADUAIS E FEDERAIS DO RIO DE JANEIRO";"RJ";"240130213.89"
"1719150.21";"763087.56";"UNIMED ALTO JACUÍ/RS - COOPERATIVA DE ASSISTÊNCIA À SAÚDE LTDA";"RS";"237320230.24"
"4161613.91";"2391649.64";"SANTA CASA DE MISERICÓRDIA E BENEFICÊNCIA PORTUGUESA";"SP";"236773314.29"
"1215829.86";"451604.89";"UNIMED DE JATAÍ COOPERATIVA DE TRABALHO MÉDICO LTDA.";"GO";"233931331.87"
"4670545.94";"2293161.47";"CAIXA DE ASSISTÊNCIA DO SINDFISCO - CASSIND";"SE";"231609308.01"
"3304461.87";"1341149.59";"DESBAN - FUNDAÇÃO BDMG DE SEGURIDADE SOCIAL";"MG";"225313130.97"
"3449162.56";"1907947.67";"SANTA CASA DE SAÚDE - SCS";"ES";"225137824.49"
"4335277.94";"3080179.90";"UNIODONTO PORTO ALEGRE COOPERATIVA ODONTOLOGICA LTDA";"RS";"221772952.54"
"4050617.64";"2835633.32";"UNIODONTO/RN - COOPERATIVA ODONTOLOGICA DO RIO GRANDE DO NORTE";"RN";"221179398.86"
"3689297.86";"2087889.50";"UNIODONTO REGIONAL COOPERATIVA ODONTOLOGICA";"MG";"219228397.16"
"1497756.12";"544702.28";"UNIMED DE PENAPOLIS - COOPERATIVA DE TRABALHO MEDICO";"SP";"218425613.25"
"3180091.72";"1528063.41";"UNIODONTO DE SC COOPERATIVA ADMINISTRADORA DE CONTRATOS";"SC";"215456940.87"
"3850610.67";"2284110.63";"UNIODONTO PIRACICABA - COOPERATIVA ODONTOLÓGICA";"SP";"214706398.79"
"4670066.16";"3967981.19";"UNIDENTIS ASSISTENCIA ODONTOLOGICA LTDA.";"PB";"214270984.38"
"5785932.63";"5915549.50";"UNIODONTO MACEIÓ COOPERATIVA ODONTOLÓGICA";"AL";"212959782.12"
"1945735.10";"863519.85";"UNIMED PATOS - COOPERATIVA DE TRABALHO MÉDICO";"PB";"212425883.49"
"3232195.15";"2034681.16";"FUNASA SAÚDE";"PB";"211606840.22"
"3020510.85";"1651012.67";"HOSPITAL DE PRONTOCLINICA LTDA.";"RS";"211329622.12"
"2255695.09";"1132042.80";"UNIMED SÃO JOÃO NEPOMUCENO COOPERATIVA DE TRABALHO MÉDICO LTDA.";"MG";"209427917.29"
"3729497.79";"2411154.39";"ATITUDE SAÚDE ASSISTÊNCIA MEDICA LTDA";"BA";"207359277.65"
"5634123.86";"2624498.02";"UNIMED NORTE/NORDESTE-FEDERAÇÃO INTERFEDERATIVA DAS SOCIEDADES COOPERATIVAS DE TRABALHO MÉDICO EM RECUPERAÇÃO JUDICIAL";"PB";"207335343.54"
"2237449.63";"1551091.84";"UNIMED DO OESTE DA BAHIA COOPERATIVA DE TRABALHO MÉDICO";"BA";"206295214.66"
"1766564.78";"787426.99";"UNIMED MACHADO COOPERATIVA DE TRABALHO MEDICO";"MG";"203156163.20"
"2169986.65";"1250337.50";"UNIMED VALE DO CARANGOLA COOPERATIVA DE TRABALHO MEDICO LTDA";"MG";"202554674.83"
"3224235.12";"2026058.29";"AURORA SAÚDE LTDA";"MG";"196527653.75"
"3042039.20";"1483620.03";"UNIODONTO GOIANIA COOPERATIVA DE CIRURGIÕES DENTISTAS";"GO";"195837843.62"
"3990689.67";"2368841.05";"COOPERATIVA DOS USUÁRIOS DE SERVIÇOS DE SAÚDE DO VALE DO RIO DOS SINOS LTDA";"RS";"194244966.32"
"3580133.97";"2573955.20";"CARE PLUS ODONTOLOGIA ASSISTENCIAL LTDA.";"SP";"193046640.33"
"3838463.20";"3547644.19";"NACIONAL ODONTO OPERADORA DE PLANOS ODONTOLÓGICOS LTDA.";"PE";"191572786.40"
"2776297.55";"1179784.99";"VIDA TOP MAIS SAÚDE OPERADORA DE PLANOS DE SAÚDE LTDA.";"SP";"186406027.75"
"1867795.59";"1015484.29";"UNIMED PONTE NOVA COOPERATIVA DE TRABALHO MEDICO LTDA";"MG";"185833625.82"
"1975668.73";"1110436.37";"UNIMED DE CORUMBA COOPERATIVA DE TRABALHO MÉDICO";"MS";"184332436.98"
"2701377.65";"1509223.05";"ASSOCIAÇAO UNISAUDE MARAU";"RS";"181106766.47"
"2765459.12";"1272642.15";"RIO DOCE SAÚDE";"ES";"180715185.12"
"2844016.51";"2133493.68";"VIVENTERIS LTDA";"PR";"179213469.49"
"3299939.20";"1610898.42";"ASSOCIACAO POLICIAL DE ASSISTENCIA A SAUDE DE PRESIDENTE PRUDENTE (APAS)";"SP";"177198826.55"
"2977637.05";"2703217.20";"SUL DO PARÁ LTDA";"PA";"175709118.02"
"2847127.08";"1436999.05";"ON MED ASSISTÊNCIA MÉDICA LTDA";"RS";"172439885.83"
"2966090.02";"2522208.02";"TOTAL ASSISTÊNCIA MÉDICA HOSPITALAR LTDA";"MG";"163943521.01"
"4549713.73";"3336773.36";"R.M.I. OPERADORA DE SAÚDE INTEGRADA LTDA";"SP";"160165121.43"
"3567280.80";"2557115.39";"UNIMED REGIONAL DE PICOS - COOPERATIVA DE TRABALHO MÉDICO";"PI";"158541154.10"
"1687763.75";"869808.40";"UNIMED MORRINHOS COOPERATIVA DE TRABALHO MEDICO";"GO";"157435321.13"
"3206337.59";"1824278.60";"ASSOCIAÇÃO POLICIAL DE ASSISTÊNCIA A SAÚDE";"SP";"156887959.84"
"3211785.90";"3617592.65";"ODONTO EMPRESAS CONVENIOS DENTARIOS LTDA.";"SP";"155556483.94"
"3388956.93";"2584564.19";"UNIODONTO DE JOÃO PESSOA COOPERATIVA ODONTOLÓGICA";"PB";"155073851.62"
"1898620.79";"765564.88";"FUNDAÇÃO PLAMHUV - PLANO MÉDICO HOSPITALAR DOS HOSPITAIS UNIDOS DE VIÇOSA";"MG";"148519587.37"
"1690907.35";"1015658.60";"UNIMED SOUSA - COOPERATIVA DE TRABALHO MÉDICO";"PB";"144223521.59"
"2370639.30";"1815602.88";"UNIODONTO DO BRASIL CENTRAL NACIONAL DAS COOPERATIVAS ODONTÓLOGICAS";"SP";"141617024.41"
"1720091.29";"1021140.97";"HOSPITAL CESAR LEITE";"MG";"139896312.43"
"3356982.64";"2296766.17";"ASSOCIACAO DE SAUDE HOLAMBRA";"SP";"137805970.17"
"3463677.85";"2753154.15";"ODONTOGROUP SISTEMA DE SAÚDE LTDA.";"DF";"137657707.64"
"2077295.25";"1455956.72";"CONFIANÇA ASSISTÊNCIA MÉDICO HOSPITALAR LTDA";"MG";"133948017.92"
"2686808.48";"1553411.12";"CAIXA DE ASSISTÊNCIA À SAÚDE DOS TRABALHADORES NAS INDÚSTRIAS METALÚRGICAS, MECÂNICAS E DO MATERIAL ELÉTRICO DE BRUSQUE";"SC";"133593356.56"
"2462241.75";"1432393.58";"SOCIEDADE DE ASSISTÊNCIA MÉDICA - SAMEISA";"RS";"133212603.24"
"1647759.33";"838117.93";"OPLAN SAÚDE OPERADORA DE PLANO DE SAÚDE LTDA";"RJ";"132422633.01"
"3899628.15";"2320075.58";"Operadora: 321338";"NAO_LOCALIZADO";"132244307.80"
"2730868.01";"1483812.33";"ASSOCIAÇÃO DOS FUNCIONÁRIOS FISCAIS DO ESTADO DO AMAZONAS - AFFEAM";"AM";"132059297.57"
"2138255.35";"1976007.45";"UNIODONTO PAULISTA-FEDERAÇÃO DAS COOPERATIVAS ODONTOLÓGICAS DO ESTADO DE SÃO PAULO";"SP";"130416491.85"
"1303037.18";"798660.34";"ASSOCIAÇÃO BENEFICENTE CATÓLICA";"MG";"130181635.59"
"2257718.22";"1083392.69";"CAIXA ASSISTENCIAL UNIVERSITARIA DO RIO DE JANEIRO";"RJ";"130007122.41"
"896560.46";"381403.37";"UNIMED CAMPO BELO- COOPERATIVA DE TRABALHO MÉDICO";"MG";"125863113.13"
"2136566.75";"1324170.00";"UNIODONTO DE MANAUS - COOPERATIVA ODONTOLÓGICA LTDA.";"AM";"124471980.11"
"1991474.07";"1156255.90";"SISTEMA TOTAL DE SAÚDE LTDA.";"SP";"123719381.61"
"1961715.53";"1028018.10";"ANGELI SISTEMAS DE SAUDE S.A.";"PR";"122334154.31"
"4699570.11";"1953147.09";"ASSOCIAÇÃO DO FISCO DE ALAGOAS";"AL";"121095119.70"
"1908639.09";"1077975.58";"HOSPITAL S.P. LTDA.";"RS";"119655289.92"
"2339531.33";"1457267.86";"SEPACO SAÚDE LTDA";"SP";"119495964.13"
"2467422.40";"1385545.94";"ASSOCIAÇÃO POLICIAL DE ASSISTENCIA À SAUDE DE SAO JOAO DA BOA VISTA";"SP";"119156950.92"
"1607038.08";"868522.16";"AME-ASSISTÊNCIA MÉDICA A EMPRESAS LTDA";"MG";"116381969.11"
"1266143.72";"787710.80";"MEDGOLD ASSISTENCIA MEDICA LTDA - ME";"MG";"110279511.53"
"1162228.48";"559118.59";"PRONTO SOCORRO CONDE DE MOREIRA LIMA";"SP";"110146361.71"
"1762298.67";"919715.43";"PORTOMED - PORTO SEGURO SERVIÇOS DE SAUDE LTDA";"SP";"109446135.83"
"1928226.03";"1400886.44";"PRIMA VIDA ODONTOLOGIA DE GRUPO LIMITADA";"RJ";"109269142.19"
"1704904.95";"1038799.30";"PLAMESC PLANOS DE SAÚDE LTDA";"RJ";"109073926.85"
"1471539.59";"840111.93";"MEDIC GLOBAL PLANOS DE SAÚDE LTDA.";"MG";"108374439.40"
"1978054.58";"1945601.46";"ORALE ASSISTÊNCIA ODONTOLÓGICA LTDA";"BA";"105062478.76"
"1768193.91";"1264289.87";"UNIODONTO DE AMERICANA COOPERATIVA ODONTOLÓGICA";"SP";"104936059.43"
"1501960.72";"686635.27";"ASSOCIACAO POLICIAL DE ASSISTENCIA A SAUDE DE ITAPETININGA";"SP";"102308654.96"
"1294554.22";"752055.30";"PLANO ASSISTENCIAL SÃO LUCAS LTDA";"MG";"102279520.14"
"4856927.87";"1034961.46";"UNIMED INTRAFEDERATIVA FEDERAÇÃO REGIONAL SUL DE MINAS";"MG";"101426223.27"
"1774422.90";"1097129.76";"SANTA CASA DE MISERICÓRDIA DE TUPÃ";"SP";"100935937.99"
"1961085.36";"1136838.89";"VOCÊ TOTAL PLANOS DE SAÚDE LIMITADA";"SP";"98904983.34"
"2295673.32";"1504807.96";"ASSOCIACAO CIVIL PRÓ-SAÚDE DOS SERVIDORES DA UNIVERSIDADE ESTADUAL DE PONTA GROSSA";"PR";"97812517.52"
"1943623.46";"1495851.47";"COMSEDER - COOPERATIVA DE ASSISTÊNCIA MÉDICA DOS SERVIDORES DA SUPLAN E DO DER LTDA";"PB";"97230345.37"
"1445141.44";"705657.11";"ASSOCIAÇÃO UNIVIDA SANTA RITA DO PASSA QUATRO";"SP";"96675024.54"
"2280269.94";"1787286.04";"SERVDONTO - PLANO DE ASSISTÊNCIA ODONTOLÓGICA LTDA";"SE";"96513446.35"
"868460.12";"508456.07";"UNIMED DE BATATAIS - COOPERATIVA DE TRABALHO MÉDICO";"SP";"94064372.38"
"1799235.08";"1217514.16";"UNIODONTO UBERABA - COOPERATIVA DE ASSISTÊNCIA À SAÚDE ODONTOLÓGICA LTDA";"MG";"87661019.63"
"1502875.07";"1152729.07";"DONA SAÚDE CLINICAS LTDA ";"SP";"86454679.93"
"2459461.49";"2839647.49";"TELOS - FUNDAÇÃO EMBRATEL DE SEGURIDADE SOCIAL";"RJ";"85189424.64"
"1811031.34";"1171646.52";"S1 OPERADORA DE PLANO DE SAÚDE LTDA";"DF";"84358549.38"
"1187164.73";"755436.73";"CEDPLAN SAÚDE LTDA EPP";"MG";"83853476.91"
"1361641.18";"767672.65";"NOSAMED ASSISTÊNCIA MÉDICA LTDA.";"SP";"83676318.71"
"1441711.24";"1007847.92";"FUNDO DE ASSISTÊNCIA MÉDICO-HOSPITALAR DO MINISTÉRIO PÚBLICO";"MS";"80627833.49"
"2418709.94";"2518441.67";"PLENUM ASSISTENCIA MEDICA  LTDA";"DF";"80590133.47"
"1703205.50";"1374318.70";"UNIODONTO DE SOROCABA COOPERATIVA ODONTOLÓGICA";"SP";"78336165.72"
"1415489.23";"818508.35";"CAIXA BENEFICENTE DOS FUNCIONÁRIOS DO GRUPO IGUAÇU";"PR";"77758292.87"
"1526631.14";"1138376.48";"PERSONAL CARE OPERADORA DE SAÚDE SA";"SP";"77409600.44"
"1713603.69";"1155180.39";"ASSOCIAÇÃO POLICIAL DE ASSISTÊNCIA À SAÚDE DE BARRETOS";"SP";"76241905.57"
"1490831.39";"1162604.74";"UNIODONTO VALE HISTORICO COOPERATIVA ODONTOLOGICA";"SP";"73244098.54"
"1772947.61";"1626493.41";"CARING SAÚDE ASSISTÊNCIA MÉDICA LTDA.";"RJ";"73192203.36"
"1457960.90";"962153.76";"UNIODONTO DE ARARAQUARA COOPERATIVA ODONTOLÓGICA";"SP";"73123685.41"
"1401197.37";"1056504.83";"SEMPRE ODONTO PLANOS ODONTOLOGICOS LTDA";"RJ";"72898833.22"
"1924761.06";"813940.66";"UNIMED CAJAZEIRAS - SOCIEDADE COOPERATIVA DE TRABALHO MÉDICO";"PB";"71626778.37"
"1501876.99";"1225800.34";"UNIODONTO DO SUL GOIANO COOPERATIVA ODONTOLOGICA";"GO";"69870619.43"
"1167792.45";"839637.28";"UNIODONTO DE JUNDIAÍ COOPERATIVA ODONTOLÓGICA";"SP";"68850257.05"
"2236395.58";"1634487.80";"CEAM BRASIL - PLANOS DE SAÚDE LTDA";"MG";"67013999.74"
"1414731.10";"1013196.83";"ASSOCIAÇÃO POLICIAL DE ASSISTÊNCIA À SAÚDE DE PRESIDENTE VENCESLAU";"SP";"64844597.10"
"1517295.28";"1039376.66";"ASSOCIAÇÃO DOS SERVIDORES PÚBLICOS DA ADMINISTRAÇÃO DIRETA DO GOVERNO DO ESTADO DO PARÁ - ASPARÁ";"PA";"64441353.22"
"1476132.27";"1599275.62";"ODONTOART PLANOS ODONTOLÓGICOS LTDA";"CE";"63971024.66"
"1013170.33";"856413.17";"ASSOCIAÇÃO POLICIAL DE ASSISTÊNCIA À SAÚDE DE DRACENA";"SP";"63374574.26"
"1307691.94";"821149.07";"COOPERATIVA ODONTOLÓGICA POÇOS DE CALDAS";"MG";"62407329.36"
"1210739.67";"794853.05";"UNIODONTO ESPIRITO SANTO COOPERATIVA ODONTOLOGICA";"ES";"61998537.86"
"1187060.95";"793473.32";"ASSOCIAÇÃO HOSPITAL SAÚDE DE VARGEM GRANDE DO SUL";"SP";"61890918.77"
"851796.94";"727868.25";"SAMIG - SERV. DE ASSISTENCIA MEDICA DA ILHA DO GOVERNADOR LTDA";"RJ";"61868801.49"
"1126128.20";"1371097.90";"CAMIM OPERADORA DE PLANO DE SAÚDE LTDA";"RJ";"61699405.59"
"1430961.92";"1280661.32";"UNIODONTO MARINGA COOPERATIVA ODONTOLOGICA";"PR";"61471743.26"
"3380038.62";"829186.71";"UNIMED VALE DO URUCUIA - COOPERATIVA DE TRABALHO MEDICO LTDA";"MG";"60530629.90"
"1124970.51";"904094.16";"DENTALPAR ASSISTÊNCIA ODONTOLÓGICA EMPRESARIAL LTDA.";"SP";"59670214.38"
"1257047.46";"1095785.06";"PLANO VIDA SAUDE SERVIÇOS ODONTOLOGICOS LTDA";"SE";"59172393.41"
"855322.09";"351951.85";"PRESERVE SAUDE ASSISTENCIA MEDICA LTDA";"BA";"58775959.01"
"784525.53";"565546.72";"PLANO DE ASSISTÊNCIA MÉDICA MINEIRA LTDA";"MG";"57685765.35"
"1143585.88";"1021990.39";"SD-M OPERADORA DE PLANOS DE SAUDE LTDA";"RJ";"56209471.50"
"802919.52";"394605.77";"ASSOCIAÇÃO POLICIAL DE ASSISTÊNCIA À SAÚDE - VALE DO RIBEIRA";"SP";"55244807.22"
"1103576.67";"1042603.68";"VALE PLANOS DE SAÚDE LTDA";"PE";"54215391.17"
"1035695.52";"576739.39";"ASSOCIAÇÃO SAÚDE RURAL ALEGRETE";"RS";"53636763.62"
"904624.28";"580566.12";"UNIODONTO DE LONDRINA COOP. ODONTOLÓGICA";"PR";"53412083.41"
"1109989.77";"654414.55";"CAIXA DE ASSISTÊNCIA DOS EMPREGADOS DO SETOR PÚBLICO DO ESTADO DE GOIÁS - CAEME";"GO";"53007578.81"
"837161.49";"432343.65";"ASSOCIAÇÃO POLICIAL DE ASSISTÊNCIA À SAÚDE DE JAÚ";"SP";"52745925.84"
"577832.54";"332439.91";"Operadora: 351792";"NAO_LOCALIZADO";"52193066.53"
"1106707.54";"952557.22";"DENTAL CENTER LTDA";"PB";"51438089.76"
"793464.81";"487690.61";"UNIODONTO DE PRESIDENTE PRUDENTE COOPERATIVA ODONTOLOGICA";"SP";"51207513.88"
"1271529.62";"1201538.16";"COOPERATIVA ODONTOLÓGICA DO ESTADO DO AMAPÁ";"AP";"50464602.90"
"1101254.25";"718799.45";"ASSOCIACAO DOS SERVIDORES DA EMDAGRO - ASSEM";"SE";"50315961.57"
"770726.36";"558817.78";"UNIODONTO JACAREÍ COOPERATIVA ODONTOLÓGICA";"SP";"50293599.76"
"1160388.32";"913474.37";"AESP ODONTO ASSISTÊNCIA ODONTOLÓGICA S/S LTDA EPP";"SP";"49327615.76"
"1003621.60";"821071.09";"ASSOCIAÇÃO POLICIAL DE ASSISTÊNCIA À SAÚDE APAS";"SP";"49264265.56"
"1150868.51";"727637.42";"ASSOCIAÇÃO POLICIAL DE ASSISTENCIA A SAUDE DE BOTUCATU";"SP";"48751707.17"
"1051034.37";"821828.91";"RODRIGUES LEIRA ODONTOLOGIA LTDA.";"SP";"48487905.96"
"2450753.96";"894724.61";"Operadora: 346870";"NAO_LOCALIZADO";"48315129.02"
"557955.84";"388772.06";"HSMED SAUDE LTDA";"RJ";"46652647.18"
"503213.52";"272615.04";"SANTA CASA DE MISERICÓRDIA E ASILO DOS POBRES DE BATATAIS";"SP";"46344557.09"
"550796.79";"328544.01";"BENEFICENCIA SOCIAL BOM SAMARITANO";"MG";"46324705.14"
"767287.82";"622140.85";"ODONT-OPERADORA ODONTOLOGICA LTDA";"SP";"44794141.47"
"838043.58";"480443.84";"MH VIDA - OPERADORA DE PLANOS DE SAÚDE LTDA";"RJ";"44200833.50"
"786405.34";"599307.36";"Operadora: 345741";"NAO_LOCALIZADO";"43150129.80"
"1094144.61";"1580411.71";"DENTAL MASTER LTDA - EPP";"AL";"42671116.18"
"805716.54";"671657.14";"UNIODONTO RS FEDERACAO DAS UNIODONTOS DO RGS LTDA";"RS";"42314399.61"
"832672.56";"713750.64";"DENTAL PLUS CONVÊNIO ODONTOLÓGICO LTDA.";"SP";"40683786.23"
"866334.64";"643377.90";"ODONTOLIVE OPERADORA DE PLANOS ODONTOLÓGICOS LTDA.";"SP";"38602674.28"
"854320.61";"1057820.96";"DENTAL GOLD ASSISTÊNCIA ODONTOLÓGICA LTDA.";"PB";"38081554.40"
"825076.44";"788569.67";"UNIODONTO DE SERTAOZINHO SP COOPERATIVA ODONTOLOGICA";"SP";"37851344.18"
"418074.15";"696642.13";"PD BRASIL ASSISTENCIA ODONTOLOGICA LTDA";"MG";"37618675.22"
"845722.57";"692547.00";"SALUSMED OPERADORA DE PLANOS DE SAUDE LTDA";"SP";"37397537.91"
"524426.41";"485670.53";"ÔNIX OPERADORA DE PLANOS DE SAÚDE LTDA";"RJ";"37396630.79"
"1580943.43";"2062503.87";"YOU ASSISTÊNCIA MÉDICA LTDA.";"MG";"37125069.66"
"538628.16";"439636.20";"UNIODONTO DE PINDAMONHANGABA COOP ODONTOLOGICA";"SP";"36050168.19"
"738431.45";"612445.45";"ASSOC DE ASSIST À SAÚDE DOS SERV DAS UNIV E INST FED, EST E/OU FAC PART EM PE";"PE";"35521836.29"
"681856.42";"459742.52";"PORTO DIAS SAUDE LTDA.";"PA";"33101461.56"
"656283.00";"572449.09";"COOPERATIVA DE TRABALHO ODONTOLOGICO - UNIODONTO ITAJUBÁ";"MG";"32629598.37"
"649069.86";"400332.63";"ASSOCIAÇÃO PADRE PIO PLANOS DE SAÚDE";"SP";"32426942.82"
"648631.40";"567305.19";"PREVENT SENIOR CORPORATE OPERADORA DE SAÚDE LTDA.";"SP";"30634480.01"
"672698.07";"1011739.61";"ASSOCIAÇÃO SERVIÇOS ODONTOLÓGICOS DA INDÚSTRIA DE MINAS GERAIS - ODONTOINDUSTRIA";"MG";"30352188.19"
"641564.17";"479759.97";"CENTRO DE ENDOCRINOLOGIA DE JUNDIAÍ S/S LTDA";"SP";"28785598.44"
"655313.29";"534193.72";"ASSOCIAÇÃO DOS FISCAIS DE TRIBUTOS ESTADUAIS DO RS - AFISVEC";"RS";"27243879.81"
"683951.66";"856605.52";"PLANO DE ASSISTÊNCIA ODONTOLÓGICA FAUCHARD LTDA. ME";"BA";"25698165.73"
"418209.92";"286250.03";"HEALTH-MED SISTEMA DE SAUDE LTDA";"RJ";"24045002.53"
"638062.42";"791143.25";"QUALIDONTO - QUALIDADE EM ODONTOLOGIA LTDA ";"BA";"23734297.35"
"416437.22";"308126.92";"UNIODONTO DE MATO GROSSO COOP TRAB ODONTOLOGICO LTDA";"MT";"22801392.15"
"920842.04";"215942.36";"FUNDO DE ASSISTÊNCIA À SAÚDE DOS FUNCIONÁRIOS DO BEC";"CE";"22458005.91"
"2275635.98";"1032265.36";"UNIMED VALE DO PARAÍBA - FEDERAÇÃO INTRAFEDERATIVA DAS COOPERATIVAS MÉDICAS";"SP";"21677572.56"
"335980.74";"247564.22";"BLUZZ SAÚDE S/A";"ES";"21538087.23"
"259866.83";"232423.17";"SANTA CASA DA MISERICÓRDIA DE SÃO JOÃO DEL REI";"MG";"20918085.21"
"491024.82";"653953.53";"ODONTO SEG OPERADORA DE PLANOS ODONTOLOGICOS S.A.";"SP";"19618606.04"
"632020.55";"265780.31";"MEDHEALTH PLANOS DE SAÚDE LTDA";"PR";"18604621.91"
"225215.77";"434138.36";"HOSPITAL DE CARIDADE SÃO VICENTE DE PAULO";"PR";"16931396.05"
"600119.54";"352068.33";"CAIXA SEGURADORA ESPECIALIZADA EM SAÚDE S/A";"SP";"16899280.05"
"351222.51";"300543.61";"SAME-SERVIÇO DE ASSISTÊNCIA MÉDICA EMPRESARIAL LTDA.";"MA";"16830442.40"
"292140.99";"505163.26";"ODILE SERVIÇOS DE SAÚDE LTDA.";"SP";"14649734.45"
"541755.15";"446722.22";"INNOVA PLANO DE SAUDE LTDA";"RO";"14295111.03"
"302010.65";"303011.48";"CROWN ODONTOLOGIA DE GRUPO LTDA";"SP";"14241539.58"
"311273.48";"387946.97";"SORRIDEN CONVÊNIOS ODONTOLÓGICOS S.A.";"SP";"13966091.00"
"657409.70";"626834.98";"NOVODENTE S/A";"RS";"13790369.45"
"341824.56";"376340.55";"CASA DE SAÚDE NOSSA SENHORA DE FÁTIMA  LTDA.";"CE";"13548259.83"
"322101.85";"292760.32";"SISTEMA PREVSAUDE DENTAL LTDA";"CE";"13466974.51"
"254949.86";"179831.01";"INFINITY SAÚDE SUPLEMENTAR LTDA";"MT";"12408339.96"
"201654.37";"240420.62";"PLAMEDH - PLANO DE ASSISTÊNCIA MÉDICO-HOSPITALAR LTDA";"MG";"10097665.95"
"213580.33";"289506.37";"BRASIL ODONTO OPERADORA DE PLANOS ODONTOLÓGICOS LTDA";"TO";"8974697.48"
"201710.40";"276633.01";"Operadora: 419354";"NAO_LOCALIZADO";"8298990.26"
"133958.50";"94130.67";"UNIMED ALTO PARANAIBA COOPERATIVA DE TRABALHO MEDICO";"MG";"8189368.37"
"126066.72";"251209.08";"ALMA ODONTO OPERADORA DE PLANOS ODONTOLOGICOS LTDA";"SP";"7536272.42"
"609968.59";"471949.15";"UNIVIDA USA OPERADORA EM SAUDE S/A";"SP";"7079237.20"
"228242.84";"341040.09";"SMART CARE SISTEMAS MÉDICOS E ODONTOLÓGICOS LTDA.";"SP";"6820801.80"
"154060.27";"280579.83";"ODONTO PRIME S/S LTDA";"CE";"6733915.90"
"90968.90";"332980.87";"PLANO SIGMA SAÚDE LTDA";"SP";"6659617.45"
"200759.74";"109958.87";"EXCELÊNCIA PLANO DE SAÚDE S/A";"ES";"6487573.23"
"114304.80";"86001.17";"POLIMÉDICA SAÚDE SOCIEDADE SIMPLES LTDA";"RS";"6450087.49"
"99166.86";"74039.95";"G & M ASSESSORIA MEDICA EMPRESARIAL LTDA";"RJ";"6367435.91"
"79249.37";"88333.92";"BEMSTAR ASSISTENCIA MEDICA LTDA";"BA";"5918372.89"
"88841.34";"65707.55";"SAUDIA ASSISTENCIA MÉDICA LTDA";"MG";"5125188.62"
"140653.66";"182311.03";"ASSISTÊNCIA MÉDICA 12 DE OUTUBRO LTDA";"SP";"4922397.87"
"277656.74";"170828.39";"BIORAL SISTEMA ODONTOLÓGICO LTDA.";"SP";"4612366.50"
"2649582.57";"1939783.71";"QUALICORP ADMINISTRADORA DE BENEFÍCIOS S.A.";"SP";"3879567.41"
"30903.27";"154119.34";"UNIMED FEDERAÇAO DO ESTADO DO MATO GROSSO";"MT";"2774148.10"
"162349.23";"97609.77";"INTERCLINICAS PLANO VIDA USA OPERADORA DE SAUDE LTDA";"SP";"2537854.03"
"45869.75";"79385.21";"LIVRI OPERADORA DE PLANO DE SAÚDE LTDA";"SP";"2381556.33"
"28561.47";"29857.02";"CLÍNICA SÃO GABRIEL S/S LTDA";"SP";"1791421.05"
"25499.17";"21414.18";"SAGRADA SAÚDE ASSISTÊNCIA MÉDICA LTDA";"MG";"1006466.49"
"40486.91";"31918.74";"EVO SAUDE ASSISTENCIA MEDICA LTDA";"DF";"861805.86"
"147858.55";"159523.14";"PLURAL GESTÃO EM PLANOS DE SAÚDE LTDA";"RJ";"478569.42"
"26271.90";"27655.80";"SOCIODONTO PLANO DE ASSISTÊNCIA ODONTOLÓGICA LTDA";"MG";"442492.81"
"9426.11";"5146.45";"UNIMED PARAIBA - FEDERAÇAO DAS SOCIEDADES COOPERATIVAS DE TRABALHO MEDICO";"PB";"324226.29"
"16335.11";"19585.23";"SAUDE SALV ASSISTENCIA MEDICA LTDA";"RO";"293778.48"
"3121.88";"26566.21";"VITTA SAUDE ADMINISTRADORA DE BENEFICIOS LTDA.";"SP";"53132.41"
"0.00";"2840.00";"ARL ADMINISTRADORA DE BENEFÍCIOS LTDA.";"SP";"39760.00"
"2385.35";"1595.61";"CENTRAL OPERADORA DE PLANOS DE SAÚDE NORTE-NORDESTE LTDA";"PB";"14360.52"
"0.00";"1.00";"MAXIMED PLANOS DE SAUDE LTDA";"RJ";"1.00"
